,AI,EF,issn,journal,nlmuniqueid,rank
0,20.373,1.65524,0028-0836,NATURE,0410462,1
1,4.8961,1.60168,0027-8424,P NATL ACAD SCI USA,7505876,2
2,17.5248,1.41162,0036-8075,SCIENCE,0404511,3
3,3.5175,1.14457,0031-9007,PHYS REV LETT,0401141,4
4,2.7989,0.817303,0002-7863,J AM CHEM SOC,7503056,5
5,1.4281,0.756039,1098-0121,PHYS REV B,,6
6,2.0307,0.742127,0021-9258,J BIOL CHEM,2985121R,7
7,1.3875,0.675752,0003-6951,APPL PHYS LETT,,8
8,21.304,0.66383,0028-4793,NEW ENGL J MED,0255562,9
9,20.554,0.660816,0092-8674,CELL,0413066,10
10,3.3776,0.514213,1433-7851,ANGEW CHEM INT EDIT,0370543,11
11,1.7984,0.501622,1932-6203,PLOS ONE,101285081,12
12,3.2549,0.449625,0270-6474,J NEUROSCI,8102140,13
13,1.8047,0.429616,0004-637X,ASTROPHYS J,9890633,14
14,3.692,0.427942,0006-4971,BLOOD,7603509,15
15,5.56,0.394631,0732-183X,J CLIN ONCOL,8309333,16
16,2.2661,0.369891,0022-1767,J IMMUNOL,2985117R,17
17,3.0995,0.362734,0008-5472,CANCER RES,2984705R,18
18,13.6107,0.360954,0140-6736,LANCET,2985213R,19
19,5.0701,0.345906,1530-6984,NANO LETT,101088070,20
20,5.9733,0.339278,0009-7322,CIRCULATION,0147763,21
21,1.4057,0.332456,0148-0227,J GEOPHYS RES,100971480,22
22,17.5835,0.329901,1061-4036,NAT GENET,9216904,23
23,3.0072,0.304882,0305-1048,NUCLEIC ACIDS RES,0411011,24
24,0.8355,0.301562,0021-8979,J APPL PHYS,2985119R,25
25,1.2451,0.300804,1550-7998,PHYS REV D,,26
26,13.111,0.285664,0098-7484,JAMA-J AM MED ASSOC,7501160,27
27,1.3421,0.284716,1932-7447,J PHYS CHEM C,,28
28,4.0706,0.262413,0935-9648,ADV MATER,9885358,29
29,1.4742,0.254252,0004-6361,ASTRON ASTROPHYS,100971304,30
30,8.9479,0.250753,1097-2765,MOL CELL,9802571,31
31,1.6034,0.248839,0035-8711,MON NOT R ASTRON SOC,100954591,32
32,1.1608,0.246515,1520-6106,J PHYS CHEM B,,33
33,1.5516,0.241003,1359-7345,CHEM COMMUN,9610838,34
34,1.1685,0.240848,1094-4087,OPT EXPRESS,101137103,35
35,1.9391,0.23991,0094-8276,GEOPHYS RES LETT,9882887,36
36,0.9931,0.232653,0021-9606,J CHEM PHYS,0375360,37
37,8.5079,0.227501,0896-6273,NEURON,8809320,38
38,1.1824,0.22322,0743-7463,LANGMUIR,9882736,39
39,17.9245,0.220911,1476-1122,NAT MATER,101155473,40
40,4.884,0.22035,0735-1097,J AM COLL CARDIOL,8301365,41
41,0.9797,0.219831,1050-2947,PHYS REV A,9887339,42
42,6.9507,0.218367,0021-9738,J CLIN INVEST,7802877,43
43,13.3332,0.214699,0009-2665,CHEM REV,2985134R,44
44,8.0181,0.209552,0890-9369,GENE DEV,8711660,45
45,2.538,0.20597,1078-0432,CLIN CANCER RES,9502500,46
46,0.958,0.205905,1539-3755,PHYS REV E,101136452,47
47,1.5928,0.190607,0022-538X,J VIROL,0113724,48
48,1.6039,0.189289,0013-936X,ENVIRON SCI TECHNOL,0213155,49
49,7.8344,0.188512,0022-1007,J EXP MED,2985109R,50
50,1.4158,0.187963,1523-7060,ORG LETT,,51
51,5.5788,0.186318,0021-9525,J CELL BIOL,0375356,52
52,5.8882,0.186069,0960-9822,CURR BIOL,9107782,53
53,1.5531,0.17583,0003-2700,ANAL CHEM,0370536,54
54,23.8609,0.17417,1471-0072,NAT REV MOL CELL BIO,100962782,55
55,3.0188,0.173844,0270-7306,MOL CELL BIOL,8109087,56
56,4.8671,0.173348,0261-4189,EMBO J,8208664,57
57,13.6075,0.172449,1745-2473,NAT PHYS,,58
58,2.8204,0.171682,0950-9232,ONCOGENE,8711562,59
59,1.5319,0.169081,0947-6539,CHEM-EUR J,9513783,60
60,1.459,0.167126,1126-6708,J HIGH ENERGY PHYS,,61
61,12.1561,0.165425,1078-8956,NAT MED,9502015,62
62,13.4347,0.163359,1529-2908,NAT IMMUNOL,100941354,63
63,1.8228,0.161968,0022-2836,J MOL BIOL,2985088R,64
64,1.2683,0.161774,0006-2960,BIOCHEMISTRY-US,0370623,65
65,0.826,0.160561,0006-291X,BIOCHEM BIOPH RES CO,0372516,66
66,8.6177,0.159631,1097-6256,NAT NEUROSCI,9809671,67
67,2.6073,0.159043,1367-4803,BIOINFORMATICS,9808944,68
68,11.6513,0.158769,1465-7392,NAT CELL BIOL,100890575,69
69,1.9154,0.158362,0897-4756,CHEM MATER,9884133,70
70,4.0273,0.157326,2041-8205,ASTROPHYS J LETT,,71
71,11.9807,0.157105,1074-7613,IMMUNITY,9432918,72
72,4.5144,0.1564,0016-5085,GASTROENTEROLOGY,0374630,73
73,5.1071,0.154264,1553-7390,PLOS GENET,101239074,74
74,2.1619,0.153561,1053-8119,NEUROIMAGE,9215515,75
75,1.2404,0.149937,0024-9297,MACROMOLECULES,0365316,76
76,7.8352,0.149589,1544-9173,PLOS BIOL,101183755,77
77,5.4044,0.144018,0959-535X,BRIT MED J,8900488,78
78,2.6719,0.143825,0028-3878,NEUROLOGY,0401060,79
79,2.0296,0.142864,0031-4005,PEDIATRICS,0376422,80
80,1.2359,0.13861,0957-4484,NANOTECHNOLOGY,101241272,81
81,3.6755,0.138526,0950-1991,DEVELOPMENT,8701744,82
82,1.0569,0.138461,0022-3263,J ORG CHEM,2985193R,83
83,8.0889,0.136779,0306-0012,CHEM SOC REV,0335405,84
84,1.0117,0.135787,0953-8984,J PHYS-CONDENS MAT,101165248,85
85,1.65,0.135179,0006-3495,BIOPHYS J,0370626,86
86,3.1215,0.13396,1058-4838,CLIN INFECT DIS,9203213,87
87,2.0313,0.130653,0142-9612,BIOMATERIALS,8100316,88
88,12.9481,0.129421,1087-0156,NAT BIOTECHNOL,9604648,89
89,14.8852,0.128581,1748-3387,NAT NANOTECHNOL,101283273,90
90,2.0026,0.128177,0021-972X,J CLIN ENDOCR METAB,0375362,91
91,1.3397,0.127691,0099-2240,APPL ENVIRON MICROB,7605801,92
92,0.9658,0.127591,0020-1669,INORG CHEM,0366543,93
93,1.1677,0.127083,0146-9592,OPT LETT,7708433,94
94,7.1545,0.127016,1088-9051,GENOME RES,9518021,95
95,1.5754,0.12641,0959-9428,J MATER CHEM,,96
96,17.9489,0.126078,1474-175X,NAT REV CANCER,101124168,97
97,11.1473,0.125119,1548-7091,NAT METHODS,101215604,98
98,1.0915,0.124798,0378-7753,J POWER SOURCES,,99
99,0.8113,0.124653,1089-5639,J PHYS CHEM A,9890903,100
100,7.7091,0.122864,1545-9985,NAT STRUCT MOL BIOL,101186374,101
101,2.18,0.121703,1469-493X,COCHRANE DB SYST REV,,102
102,16.9613,0.121318,1471-0056,NAT REV GENET,100962779,103
103,3.0116,0.12096,0021-9533,J CELL SCI,0052457,104
104,3.7668,0.120827,1936-0851,ACS NANO,101313589,105
105,7.9118,0.12029,0003-4819,ANN INTERN MED,0372351,106
106,3.5216,0.120261,0270-9139,HEPATOLOGY,8302946,107
107,16.8203,0.119692,1474-1733,NAT REV IMMUNOL,101124169,108
108,2.1006,0.118812,1367-2630,NEW J PHYS,,109
109,8.9284,0.11839,1534-5807,DEV CELL,101120028,110
110,1.4405,0.117987,0370-2693,PHYS LETT B,8407789,111
111,0.92,0.117708,0304-3894,J HAZARD MATER,9422688,112
112,28.9002,0.116607,0034-6861,REV MOD PHYS,,113
113,2.3586,0.115582,0012-821X,EARTH PLANET SC LETT,100971345,114
114,3.1597,0.115143,0964-6906,HUM MOL GENET,9208958,115
115,15.267,0.11452,1535-6108,CANCER CELL,101130617,116
116,2.4453,0.114226,0149-5992,DIABETES CARE,7805975,117
117,4.0857,0.113822,1553-7366,PLOS PATHOG,101238921,118
118,1.9259,0.113171,0008-543X,CANCER-AM CANCER SOC,0374236,119
119,2.7215,0.11315,1059-1524,MOL BIOL CELL,9201390,120
120,2.9455,0.112686,1616-301X,ADV FUNCT MATER,,121
121,1.6737,0.112347,0020-7136,INT J CANCER,0042124,122
122,1.2429,0.111607,1463-9076,PHYS CHEM CHEM PHYS,100888160,123
123,1.3583,0.111406,0021-9193,J BACTERIOL,2985120R,124
124,3.8922,0.111143,0195-668X,EUR HEART J,8006263,125
125,3.889,0.108841,0009-7330,CIRC RES,0047103,126
126,4.7602,0.107643,0003-9926,ARCH INTERN MED,0372440,127
127,4.4296,0.107156,1754-2189,NAT PROTOC,,128
128,5.8665,0.10684,0002-9297,AM J HUM GENET,0370475,129
129,0.7237,0.106422,0021-8561,J AGR FOOD CHEM,0374755,130
130,16.1169,0.106116,1471-0048,NAT REV NEUROSCI,,131
131,2.1811,0.105964,0039-2499,STROKE,0235266,132
132,2.9186,0.104165,0012-1797,DIABETES,0372763,133
133,3.7005,0.102819,1073-449X,AM J RESP CRIT CARE,9421642,134
134,2.2874,0.102739,0022-1899,J INFECT DIS,0413675,135
135,1.0438,0.101273,0077-8923,ANN NY ACAD SCI,7506858,136
136,7.2991,0.101202,0001-4842,ACCOUNTS CHEM RES,0157313,137
137,15.9807,0.100822,1934-5909,CELL STEM CELL,,138
138,5.6739,0.100417,0002-8282,AM ECON REV,14810500R,139
139,3.9141,0.099638,0006-8950,BRAIN,0372537,140
140,0.5754,0.099061,0040-4039,TETRAHEDRON LETT,2984819R,141
141,2.2191,0.098774,0032-0889,PLANT PHYSIOL,0401224,142
142,0.9234,0.098694,0021-9673,J CHROMATOGR A,0427043,143
143,2.6477,0.098672,0004-3591,ARTHRITIS RHEUM-US,0370605,144
144,0.5086,0.097443,0925-8388,J ALLOY COMPD,,145
145,2.0462,0.096522,0012-1606,DEV BIOL,0372762,146
146,1.7094,0.096404,1359-6454,ACTA MATER,,147
147,1.3024,0.096358,0022-2623,J MED CHEM,9716531,148
148,2.4542,0.096142,0962-8452,P ROY SOC B-BIOL SCI,101245157,149
149,1.4041,0.095745,0066-4804,ANTIMICROB AGENTS CH,0315061,150
150,1.2879,0.095329,0014-5793,FEBS LETT,0155157,151
151,3.191,0.093872,0006-3223,BIOL PSYCHIAT,0213264,152
152,2.3797,0.093835,0002-9165,AM J CLIN NUTR,0376027,153
153,16.1296,0.093775,1749-4885,NAT PHOTONICS,,154
154,0.9835,0.093653,0013-4686,ELECTROCHIM ACTA,9875994,155
155,0.8518,0.093562,0006-8993,BRAIN RES,0045503,156
156,0.7263,0.092169,0921-5093,MAT SCI ENG A-STRUCT,,157
157,3.8385,0.092012,0737-4038,MOL BIOL EVOL,8501455,158
158,1.1452,0.091758,0306-4522,NEUROSCIENCE,7605074,159
159,0.9713,0.091174,0264-410X,VACCINE,8406899,160
160,0.9003,0.090999,0022-3727,J PHYS D APPL PHYS,1256300,161
161,1.5634,0.09069,0022-3077,J NEUROPHYSIOL,0375404,162
162,2.1564,0.090568,0950-382X,MOL MICROBIOL,8712028,163
163,1.2819,0.090207,0095-1137,J CLIN MICROBIOL,7505564,164
164,2.8514,0.089685,0091-6749,J ALLERGY CLIN IMMUN,1275002,165
165,3.7516,0.089377,1040-4651,PLANT CELL,9208688,166
166,2.2426,0.088759,0892-6638,FASEB J,8804484,167
167,2.1576,0.088636,0012-3692,CHEST,0231335,168
168,2.4748,0.087916,0894-8755,J CLIMATE,,169
169,1.9027,0.086505,0016-6731,GENETICS,0374636,170
170,0.5961,0.08647,0040-6090,THIN SOLID FILMS,,171
171,1.5028,0.086018,0013-7227,ENDOCRINOLOGY,0375040,172
172,0.7273,0.085942,0040-4020,TETRAHEDRON,2984170R,173
173,1.1752,0.083026,0022-5347,J UROLOGY,0376374,174
174,1.9098,0.082694,0022-3751,J PHYSIOL-LONDON,0266262,175
175,1.6456,0.082633,0007-0920,BRIT J CANCER,0370635,176
176,0.9905,0.08249,0960-8524,BIORESOURCE TECHNOL,9889523,177
177,2.607,0.082477,1079-5642,ARTERIOSCL THROM VAS,9505803,178
178,4.1303,0.08219,1474-760X,GENOME BIOL,,179
179,1.306,0.081727,0002-9149,AM J CARDIOL,0207277,180
180,2.6366,0.081672,0012-9658,ECOLOGY,0043541,181
181,2.9351,0.081176,1066-5099,STEM CELLS,9304532,182
182,1.333,0.081116,0022-3042,J NEUROCHEM,2985190R,183
183,6.1877,0.080687,0027-8874,J NATL CANCER I,7503089,184
184,1.1728,0.080679,0295-5075,EPL-EUROPHYS LETT,9886346,185
185,0.9247,0.080644,0556-2813,PHYS REV C,0250143,186
186,1.4778,0.080629,1471-2164,BMC GENOMICS,100965258,187
187,2.1681,0.08036,0090-3493,CRIT CARE MED,0355501,188
188,2.0637,0.07986,0002-9440,AM J PATHOL,0370502,189
189,2.0478,0.079808,0004-6256,ASTRON J,100955716,190
190,0.8409,0.079766,0308-8146,FOOD CHEM,7702639,191
191,0.8998,0.079508,0045-6535,CHEMOSPHERE,0320657,192
192,1.8589,0.079096,0264-6021,BIOCHEM J,2984726R,193
193,2.82,0.078303,1046-6673,J AM SOC NEPHROL,9013836,194
194,0.6956,0.078017,0009-2614,CHEM PHYS LETT,9882685,195
195,1.713,0.078006,1538-4101,CELL CYCLE,,196
196,0.8842,0.077632,1477-9226,DALTON T,101176026,197
197,1.3157,0.077508,1471-2105,BMC BIOINFORMATICS,100965194,198
198,3.3,0.077288,0962-8436,PHILOS T R SOC B,7503623,199
199,1.8987,0.077202,0018-9448,IEEE T INFORM THEORY,,200
200,0.5503,0.077198,0169-4332,APPL SURF SCI,,201
201,2.4231,0.07648,0960-7412,PLANT J,9207397,202
202,5.8675,0.076403,0067-0049,ASTROPHYS J SUPPL S,100955717,203
203,6.2998,0.076256,1549-1277,PLOS MED,101231360,204
204,1.2754,0.076135,0019-9567,INFECT IMMUN,0246127,205
205,1.6172,0.075366,1680-7316,ATMOS CHEM PHYS,,206
206,1.0817,0.075229,0146-0404,INVEST OPHTH VIS SCI,7703701,207
207,1.9631,0.074778,0016-7037,GEOCHIM COSMOCHIM AC,9876074,208
208,1.015,0.074686,0032-3861,POLYMER,,209
209,0.5721,0.073528,0960-894X,BIOORG MED CHEM LETT,9107377,210
210,2.0961,0.073464,0033-8419,RADIOLOGY,0401260,211
211,2.0817,0.07334,0962-1083,MOL ECOL,9214478,212
212,0.8016,0.073063,0013-4651,J ELECTROCHEM SOC,,213
213,2.2101,0.073,0269-9370,AIDS,8710219,214
214,2.997,0.072774,1047-3211,CEREB CORTEX,9110718,215
215,1.3908,0.072388,0953-816X,EUR J NEUROSCI,8918110,216
216,2.5134,0.072372,1613-6810,SMALL,101235338,217
217,8.6062,0.071501,1550-4131,CELL METAB,101233170,218
218,2.0605,0.07127,0085-2538,KIDNEY INT,0323470,219
219,0.9672,0.071023,0003-2670,ANAL CHIM ACTA,0370534,220
220,0.8367,0.070912,0021-9797,J COLLOID INTERF SCI,0043125,221
221,3.0363,0.070665,0003-4932,ANN SURG,0372354,222
222,0.64,0.070323,0888-5885,IND ENG CHEM RES,9882836,223
223,1.5344,0.069902,1535-3893,J PROTEOME RES,101128775,224
224,2.7237,0.069585,1553-734X,PLOS COMPUT BIOL,101238922,225
225,7.4206,0.069136,1470-2045,LANCET ONCOL,100957246,226
226,11.8481,0.0691,1474-1776,NAT REV DRUG DISCOV,101124171,227
227,1.1588,0.069052,0360-3016,INT J RADIAT ONCOL,7603616,228
228,7.9188,0.068985,1474-4422,LANCET NEUROL,101139309,229
229,1.2363,0.068566,0363-6135,AM J PHYSIOL-HEART C,100901228,230
230,2.3708,0.06822,0003-4967,ANN RHEUM DIS,0372355,231
231,1.2616,0.067908,0003-4975,ANN THORAC SURG,15030100R,232
232,3.3286,0.06764,0887-6924,LEUKEMIA,8704895,233
233,0.8309,0.06763,0276-7333,ORGANOMETALLICS,,234
234,4.5436,0.067581,0002-953X,AM J PSYCHIAT,0370512,235
235,4.188,0.067362,0364-5134,ANN NEUROL,7707449,236
236,0.7442,0.067315,0022-247X,J MATH ANAL APPL,9890562,237
237,2.4977,0.067155,0002-9262,AM J EPIDEMIOL,7910653,238
238,7.38,0.067134,1461-023X,ECOL LETT,101121949,239
239,1.03,0.066967,1352-2310,ATMOS ENVIRON,,240
240,2.1572,0.066863,1080-6040,EMERG INFECT DIS,9508155,241
241,9.0177,0.066816,1740-1526,NAT REV MICROBIOL,101190261,242
242,2.1854,0.066412,0194-911X,HYPERTENSION,7906255,243
243,1.7968,0.066136,0923-7534,ANN ONCOL,9007735,244
244,2.5018,0.065199,1420-682X,CELL MOL LIFE SCI,9705402,245
245,7.3531,0.065135,1552-4450,NAT CHEM BIOL,101231976,246
246,1.2076,0.065027,1359-6462,SCRIPTA MATER,,247
247,3.188,0.06455,1354-1013,GLOBAL CHANGE BIOL,9888746,248
248,2.2743,0.063859,0028-646X,NEW PHYTOL,9882884,249
249,6.9504,0.063736,0955-0674,CURR OPIN CELL BIOL,8913428,250
250,3.1857,0.063276,0956-7976,PSYCHOL SCI,9007542,251
251,0.9721,0.063185,1618-2642,ANAL BIOANAL CHEM,,252
252,2.3243,0.063132,0091-6765,ENVIRON HEALTH PERSP,0330411,253
253,5.4356,0.062505,0003-990X,ARCH GEN PSYCHIAT,0372435,254
254,2.1133,0.062323,0002-9270,AM J GASTROENTEROL,0421030,255
255,3.2578,0.062139,0017-5749,GUT,2985108R,256
256,0.6174,0.06169,1751-8113,J PHYS A-MATH THEOR,,257
257,1.0189,0.061519,0048-9697,SCI TOTAL ENVIRON,0330500,258
258,0.644,0.061319,0375-9601,PHYS LETT A,0406646,259
259,1.612,0.061109,1055-9965,CANCER EPIDEM BIOMAR,9200608,260
260,0.9246,0.061043,0377-2217,EUR J OPER RES,100973201,261
261,1.5994,0.060779,0008-6223,CARBON,,262
262,1.3973,0.060453,1525-7797,BIOMACROMOLECULES,100892849,263
263,0.6421,0.060328,1007-9327,WORLD J GASTROENTERO,100883448,264
264,1.3035,0.060171,0043-1354,WATER RES,0105072,265
265,7.9134,0.060085,0169-5347,TRENDS ECOL EVOL,8805125,266
266,2.0059,0.060076,0014-2980,EUR J IMMUNOL,1273201,267
267,1.9586,0.059484,1600-6135,AM J TRANSPLANT,100968638,268
268,0.7203,0.059218,0360-3199,INT J HYDROGEN ENERG,100971333,269
269,2.197,0.058869,0012-186X,DIABETOLOGIA,0006777,270
270,0.3296,0.058782,0021-4922,JPN J APPL PHYS,,271
271,1.3692,0.058007,0021-9991,J COMPUT PHYS,,272
272,0.6336,0.057588,0304-3940,NEUROSCI LETT,7600130,273
273,3.2393,0.057509,1350-9047,CELL DEATH DIFFER,9437445,274
274,0.7405,0.057501,1070-664X,PHYS PLASMAS,,275
275,1.2998,0.057498,0022-1120,J FLUID MECH,100971395,276
276,1.7871,0.057424,1535-7163,MOL CANCER THER,101132535,277
277,0.8034,0.057403,0925-4005,SENSOR ACTUAT B-CHEM,101149755,278
278,0.8982,0.057323,0376-7388,J MEMBRANE SCI,7606202,279
279,0.7173,0.057229,0968-0896,BIOORGAN MED CHEM,9413298,280
280,0.3058,0.05721,0021-8995,J APPL POLYM SCI,,281
281,1.7513,0.057203,0002-8703,AM HEART J,0370465,282
282,1.2488,0.057143,1053-587X,IEEE T SIGNAL PROCES,,283
283,19.755,0.056883,0066-4154,ANNU REV BIOCHEM,2985150R,284
284,1.8631,0.056686,1475-7516,J COSMOL ASTROPART P,,285
285,2.2203,0.056358,0091-7613,GEOLOGY,100971468,286
286,1.888,0.056335,0161-6420,OPHTHALMOLOGY,7802443,287
287,1.454,0.055919,0305-7453,J ANTIMICROB CHEMOTH,7513617,288
288,1.2936,0.055895,1388-2481,ELECTROCHEM COMMUN,,289
289,2.4312,0.05569,0014-3820,EVOLUTION,0373224,290
290,1.1849,0.055652,0022-3565,J PHARMACOL EXP THER,0376362,291
291,1.9489,0.055651,0903-1936,EUR RESPIR J,8803460,292
292,1.2724,0.055588,0277-9536,SOC SCI MED,8303205,293
293,1.1151,0.05534,1536-1276,IEEE T WIREL COMMUN,,294
294,5.3194,0.055218,0105-2896,IMMUNOL REV,7702118,295
295,1.1829,0.055171,1742-464X,FEBS J,101229646,296
296,0.647,0.055068,0034-6748,REV SCI INSTRUM,0405571,297
297,0.5829,0.054935,0167-577X,MATER LETT,,298
298,7.4735,0.054689,0022-1082,J FINANC,,299
299,2.5891,0.054607,1355-8382,RNA,9509184,300
300,0.8128,0.054606,0039-9140,TALANTA,2984816R,301
301,1.5869,0.0546,1744-683X,SOFT MATTER,,302
302,1.2738,0.054571,8750-7587,J APPL PHYSIOL,,303
303,7.3694,0.054332,1752-0894,NAT GEOSCI,,304
304,1.0256,0.054282,0171-8630,MAR ECOL-PROG SER,,305
305,2.9788,0.054249,1535-9476,MOL CELL PROTEOMICS,101125647,306
306,1.9876,0.054169,1538-7933,J THROMB HAEMOST,,307
307,3.7114,0.053842,0907-4449,ACTA CRYSTALLOGR D,9305878,308
308,1.335,0.053791,0007-1188,BRIT J PHARMACOL,7502536,309
309,2.3093,0.05345,0893-133X,NEUROPSYCHOPHARMACOL,,310
310,1.5777,0.053413,0891-5849,FREE RADICAL BIO MED,8709159,311
311,0.9138,0.053397,1528-7483,CRYST GROWTH DES,,312
312,0.611,0.053395,0257-8972,SURF COAT TECH,,313
313,1.6363,0.053389,0550-3213,NUCL PHYS B,,314
314,0.5844,0.05323,0022-2461,J MATER SCI,,315
315,1.592,0.053169,1930-7381,OBESITY,101264860,316
316,1.2383,0.053163,0021-9150,ATHEROSCLEROSIS,0242543,317
317,1.6465,0.053055,0959-8049,EUR J CANCER,9005373,318
318,1.5983,0.05285,0022-0957,J EXP BOT,9882906,319
319,1.1673,0.052771,0041-1337,TRANSPLANTATION,0132144,320
320,1.9711,0.052743,0090-0036,AM J PUBLIC HEALTH,1254074,321
321,6.4575,0.052702,0893-9454,REV FINANC STUD,,322
322,2.4605,0.052346,0168-8278,J HEPATOL,8503886,323
323,2.1867,0.052135,1462-2912,ENVIRON MICROBIOL,100883692,324
324,0.9656,0.051996,1477-0520,ORG BIOMOL CHEM,101154995,325
325,23.427,0.051988,0732-0582,ANNU REV IMMUNOL,8309206,326
326,1.5976,0.051539,0028-3932,NEUROPSYCHOLOGIA,0020713,327
327,1.2286,0.05151,1615-9853,PROTEOMICS,101092707,328
328,1.1528,0.051502,0002-9378,AM J OBSTET GYNECOL,0370476,329
329,2.0699,0.051478,0008-6363,CARDIOVASC RES,0077427,330
330,2.078,0.051067,0302-2838,EUR UROL,7512719,331
331,2.2608,0.050999,0278-2715,HEALTH AFFAIR,8303128,332
332,1.2096,0.050582,0956-5663,BIOSENS BIOELECTRON,9001289,333
333,5.7576,0.05058,0304-405X,J FINANC ECON,,334
334,1.0414,0.050557,0042-6822,VIROLOGY,0110674,335
335,9.5603,0.050497,0108-7673,ACTA CRYSTALLOGR A,8305825,336
336,1.7162,0.050361,1473-0197,LAB CHIP,,337
337,1.6184,0.05025,0029-7844,OBSTET GYNECOL,0401101,338
338,1.9564,0.050124,0022-202X,J INVEST DERMATOL,0426720,339
339,1.3651,0.05012,0022-5223,J THORAC CARDIOV SUR,0376343,340
340,1.8396,0.050069,0022-2275,J LIPID RES,0376606,341
341,0.9652,0.049921,0931-0509,NEPHROL DIAL TRANSPL,8706402,342
342,1.6738,0.049853,0007-1048,BRIT J HAEMATOL,0372544,343
343,0.8209,0.049712,1434-193X,EUR J ORG CHEM,,344
344,0.4763,0.049656,0304-8853,J MAGN MAGN MATER,,345
345,3.6579,0.049443,0022-3514,J PERS SOC PSYCHOL,0014171,346
346,0.5168,0.049357,0003-6935,APPL OPTICS,0247660,347
347,12.6138,0.049044,0033-5533,Q J ECON,9879565,348
348,1.092,0.048925,0264-9381,CLASSICAL QUANT GRAV,,349
349,2.9234,0.048843,0162-8828,IEEE T PATTERN ANAL,,350
350,0.9248,0.048355,0361-803X,AM J ROENTGENOL,7708173,351
351,2.2493,0.048306,0884-0431,J BONE MINER RES,8610640,352
352,0.469,0.048287,0096-3003,APPL MATH COMPUT,,353
353,0.7135,0.048221,0014-2999,EUR J PHARMACOL,1254354,354
354,0.8555,0.048215,0362-2436,SPINE,7610646,355
355,1.594,0.048206,0193-1849,AM J PHYSIOL-ENDOC M,100901226,356
356,1.4876,0.048073,1615-4150,ADV SYNTH CATAL,,357
357,0.3617,0.048056,0168-9002,NUCL INSTRUM METH A,9881767,358
358,2.877,0.047963,0021-8898,J APPL CRYSTALLOGR,,359
359,1.5515,0.047917,0019-1035,ICARUS,9890634,360
360,1.2651,0.047866,0022-3166,J NUTR,0404243,361
361,3.3388,0.047762,0969-2126,STRUCTURE,101087697,362
362,0.767,0.047672,0002-7820,J AM CERAM SOC,,363
363,0.9185,0.047571,0015-0282,FERTIL STERIL,0372772,364
364,0.7048,0.047553,0362-546X,NONLINEAR ANAL-THEOR,,365
365,1.1797,0.047492,0304-3835,CANCER LETT,7600053,366
366,1.4249,0.047354,0926-3373,APPL CATAL B-ENVIRON,,367
367,0.969,0.047326,0031-9015,J PHYS SOC JPN,,368
368,1.3706,0.047282,1068-9265,ANN SURG ONCOL,9420840,369
369,1.5753,0.047267,0006-3207,BIOL CONSERV,,370
370,14.9826,0.047263,0031-9333,PHYSIOL REV,0231714,371
371,1.8701,0.047262,0304-3959,PAIN,7508686,372
372,1.2245,0.047248,0887-3585,PROTEINS,8700181,373
373,1.9095,0.047243,0161-5505,J NUCL MED,0217410,374
374,1.8332,0.047103,1471-2148,BMC EVOL BIOL,100966975,375
375,6.5228,0.047014,0962-8924,TRENDS CELL BIOL,9200566,376
376,7.1329,0.046702,1364-6613,TRENDS COGN SCI,9708669,377
377,3.7476,0.0466,1469-221X,EMBO REP,100963049,378
378,1.7403,0.046568,0741-5400,J LEUKOCYTE BIOL,8405628,379
379,2.1494,0.046516,0009-9147,CLIN CHEM,9421549,380
380,1.6154,0.046456,0021-9967,J COMP NEUROL,0406041,381
381,1.6998,0.04645,0143-3334,CARCINOGENESIS,8008055,382
382,2.2314,0.046449,0390-6078,HAEMATOL-HEMATOL J,0417435,383
383,1.7482,0.046427,0168-3659,J CONTROL RELEASE,8607908,384
384,1.1362,0.046157,0022-0949,J EXP BIOL,0243705,385
385,0.9108,0.046019,0175-7598,APPL MICROBIOL BIOT,8406612,386
386,6.6258,0.045691,0166-2236,TRENDS NEUROSCI,7808616,387
387,2.4792,0.045605,0003-9942,ARCH NEUROL-CHICAGO,0372436,388
388,1.2601,0.045574,0885-3185,MOVEMENT DISORD,8610688,389
389,0.9313,0.045418,0926-860X,APPL CATAL A-GEN,,390
390,1.1974,0.045414,0018-9480,IEEE T MICROW THEORY,,391
391,10.7437,0.04532,0370-1573,PHYS REP,9876465,392
392,1.3547,0.045318,0021-9541,J CELL PHYSIOL,0050222,393
393,1.5182,0.045246,0026-895X,MOL PHARMACOL,0035623,394
394,0.9918,0.045239,1070-6631,PHYS FLUIDS,,395
395,1.3757,0.045212,0006-2952,BIOCHEM PHARMACOL,0101032,396
396,1.0963,0.045199,0148-396X,NEUROSURGERY,7802914,397
397,24.5356,0.044999,0007-9235,CA-CANCER J CLIN,0370647,398
398,1.0575,0.044839,0269-7491,ENVIRON POLLUT,8804476,399
399,1.077,0.044836,0741-5214,J VASC SURG,8407742,400
400,1.107,0.044746,0043-1397,WATER RESOUR RES,7501965,401
401,1.257,0.044678,0956-540X,GEOPHYS J INT,,402
402,2.6105,0.044477,0003-0147,AM NAT,2984688R,403
403,1.7189,0.044388,1525-4135,JAIDS-J ACQ IMM DEF,100892005,404
404,1.0226,0.044375,0022-1694,J HYDROL,,405
405,1.3917,0.044309,0167-6806,BREAST CANCER RES TR,8111104,406
406,1.5726,0.044185,0021-9517,J CATAL,,407
407,8.6478,0.043933,0012-9682,ECONOMETRICA,101085302,408
408,1.0848,0.043592,0363-6119,AM J PHYSIOL-REG I,100901230,409
409,4.1569,0.043151,0090-5364,ANN STAT,,410
410,0.72,0.043048,0887-624X,J POLYM SCI POL CHEM,,411
411,2.0219,0.042978,1525-0016,MOL THER,100890581,412
412,1.4986,0.042792,0300-5127,BIOCHEM SOC T,7506897,413
413,1.6491,0.042676,0018-9200,IEEE J SOLID-ST CIRC,,414
414,1.1243,0.042517,0268-1161,HUM REPROD,8701199,415
415,1.3719,0.04237,0363-6143,AM J PHYSIOL-CELL PH,100901225,416
416,1.3304,0.042334,1055-7903,MOL PHYLOGENET EVOL,9304400,417
417,0.4914,0.042167,0022-0248,J CRYST GROWTH,100971389,418
418,1.0564,0.042121,0730-2312,J CELL BIOCHEM,8205768,419
419,1.8448,0.042089,0010-3616,COMMUN MATH PHYS,,420
420,1.3658,0.042081,0014-4827,EXP CELL RES,0373226,421
421,0.733,0.042024,0887-0624,ENERG FUEL,100971627,422
422,0.8248,0.04198,0017-9310,INT J HEAT MASS TRAN,,423
423,6.9747,0.041957,1931-3128,CELL HOST MICROBE,101302316,424
424,2.5126,0.041887,0898-929X,J COGNITIVE NEUROSCI,8910747,425
425,2.7197,0.0417,0733-8716,IEEE J SEL AREA COMM,,426
426,3.211,0.041694,0010-8545,COORDIN CHEM REV,,427
427,5.8696,0.04166,0968-0004,TRENDS BIOCHEM SCI,7610674,428
428,1.2007,0.04164,0013-9580,EPILEPSIA,2983306R,429
429,1.1892,0.041396,1439-4235,CHEMPHYSCHEM,100954211,430
430,0.9217,0.041329,0920-5861,CATAL TODAY,,431
431,0.788,0.041291,0378-5173,INT J PHARMACEUT,7804127,432
432,1.5127,0.041255,0277-6715,STAT MED,8215016,433
433,1.2134,0.041192,0741-3106,IEEE ELECTR DEVICE L,,434
434,4.8697,0.041083,0959-440X,CURR OPIN STRUC BIOL,9107784,435
435,1.5329,0.041017,0022-3476,J PEDIATR-US,0375410,436
436,0.7367,0.040977,0090-4295,UROLOGY,0366151,437
437,1.5995,0.040865,0884-8734,J GEN INTERN MED,8605834,438
438,0.892,0.040851,0733-8724,J LIGHTWAVE TECHNOL,,439
439,3.3766,0.04081,0018-9219,P IEEE,,440
440,0.7936,0.040694,0378-1127,FOREST ECOL MANAG,,441
441,0.6615,0.040633,0936-5214,SYNLETT,,442
442,1.438,0.040588,0005-1098,AUTOMATICA,,443
443,4.6472,0.04057,1359-4184,MOL PSYCHIATR,9607835,444
444,1.4964,0.040342,0029-8549,OECOLOGIA,0150372,445
445,4.725,0.040295,0959-4388,CURR OPIN NEUROBIOL,9111376,446
446,0.8158,0.04029,0022-5282,J TRAUMA,0376373,447
447,1.1349,0.040253,0278-0046,IEEE T IND ELECTRON,,448
448,2.3449,0.040211,1059-7794,HUM MUTAT,9215429,449
449,1.327,0.04018,0045-7825,COMPUT METHOD APPL M,,450
450,0.9996,0.040149,0018-9383,IEEE T ELECTRON DEV,,451
451,1.7178,0.040136,1549-9618,J CHEM THEORY COMPUT,,452
452,0.834,0.040122,0031-9155,PHYS MED BIOL,0401220,453
453,1.425,0.040063,8756-3282,BONE,,454
454,1.7572,0.040026,0307-0565,INT J OBESITY,7703240,455
455,1.751,0.039949,0022-3050,J NEUROL NEUROSUR PS,2985191R,456
456,0.8635,0.039876,1464-4096,BJU INT,100886721,457
457,0.5829,0.039748,0001-4966,J ACOUST SOC AM,7503051,458
458,1.5194,0.03971,0002-8614,J AM GERIATR SOC,7503062,459
459,0.8489,0.039702,0003-2999,ANESTH ANALG,1310650,460
460,1.4309,0.039678,0920-9964,SCHIZOPHR RES,,461
461,1.1401,0.039582,1350-0872,MICROBIOL-SGM,9430468,462
462,0.705,0.03958,0009-2509,CHEM ENG SCI,,463
463,1.7108,0.039503,0009-2541,CHEM GEOL,100971315,464
464,3.8584,0.039344,0169-409X,ADV DRUG DELIVER REV,8710523,465
465,0.8209,0.039281,1385-8947,CHEM ENG J,,466
466,1.3372,0.039264,0002-9394,AM J OPHTHALMOL,0370500,467
467,1.2058,0.039208,1931-857X,AM J PHYSIOL-RENAL,,468
468,5.8328,0.039153,1744-4292,MOL SYST BIOL,101235389,469
469,1.1776,0.039006,1076-3279,TISSUE ENG,9505538,470
470,0.7512,0.039002,1570-0232,J CHROMATOGR B,101139554,471
471,1.3961,0.038997,1462-0324,RHEUMATOLOGY,100883501,472
472,1.3745,0.038847,0014-4886,EXP NEUROL,0370712,473
473,1.2506,0.038761,0033-3158,PSYCHOPHARMACOLOGY,7609417,474
474,1.3141,0.038682,0927-0248,SOL ENERG MAT SOL C,,475
475,1.0075,0.038414,0090-8258,GYNECOL ONCOL,0365304,476
476,1.3255,0.038409,0018-9286,IEEE T AUTOMAT CONTR,,477
477,1.0101,0.038347,1471-2407,BMC CANCER,100967800,478
478,0.9647,0.03834,0166-4328,BEHAV BRAIN RES,8004872,479
479,1.2712,0.038329,0003-3472,ANIM BEHAV,0376746,480
480,1.9296,0.038184,0001-8708,ADV MATH,,481
481,1.2333,0.038158,1434-6044,EUR PHYS J C,,482
482,1.905,0.038152,0277-3791,QUATERNARY SCI REV,,483
483,1.2899,0.038135,1058-8388,DEV DYNAM,9201927,484
484,1.9208,0.038116,0749-3797,AM J PREV MED,8704773,485
485,0.6139,0.038066,1041-1135,IEEE PHOTONIC TECH L,,486
486,4.1364,0.037931,0952-7915,CURR OPIN IMMUNOL,8900118,487
487,1.549,0.037868,1355-6037,HEART,9602087,488
488,0.7537,0.037737,0301-4215,ENERG POLICY,9876005,489
489,1.1393,0.037716,0266-3538,COMPOS SCI TECHNOL,,490
490,2.2339,0.037611,1051-0761,ECOL APPL,9889808,491
491,0.9518,0.037584,0930-2794,SURG ENDOSC,8806653,492
492,2.8896,0.037468,0300-5771,INT J EPIDEMIOL,7802871,493
493,1.6919,0.037452,0272-6386,AM J KIDNEY DIS,8110075,494
494,1.7375,0.037282,1555-9041,CLIN J AM SOC NEPHRO,101271570,495
495,0.6302,0.037261,0254-0584,MATER CHEM PHYS,,496
496,0.8237,0.037237,0018-926X,IEEE T ANTENN PROPAG,,497
497,1.5449,0.037203,0003-3022,ANESTHESIOLOGY,1300217,498
498,1.6099,0.037172,1057-7149,IEEE T IMAGE PROCESS,9886191,499
499,0.5846,0.037121,0924-0136,J MATER PROCESS TECH,,500
500,1.61,0.037028,1357-2725,INT J BIOCHEM CELL B,9508482,501
501,2.3691,0.037018,1523-0864,ANTIOXID REDOX SIGN,100888899,502
502,0.696,0.037007,0022-460X,J SOUND VIB,,503
503,1.1473,0.036908,0007-0963,BRIT J DERMATOL,0004041,504
504,3.1151,0.036907,0162-1459,J AM STAT ASSOC,01510020R,505
505,1.1905,0.0369,0038-0717,SOIL BIOL BIOCHEM,0244736,506
506,0.7676,0.036787,0038-1098,SOLID STATE COMMUN,,507
507,1.0632,0.03652,0195-6108,AM J NEURORADIOL,8003708,508
508,1.6889,0.036395,0160-6689,J CLIN PSYCHIAT,7801243,509
509,2.8386,0.036391,0304-4076,J ECONOMETRICS,101085117,510
510,1.1174,0.036335,0315-162X,J RHEUMATOL,7501984,511
511,0.6647,0.036317,1434-1948,EUR J INORG CHEM,,512
512,1.0982,0.036316,0740-3194,MAGN RESON MED,8505245,513
513,0.5883,0.036273,0927-7757,COLLOID SURFACE A,,514
514,0.505,0.036211,0011-9164,DESALINATION,,515
515,1.3653,0.036206,0016-5107,GASTROINTEST ENDOSC,0010505,516
516,2.3818,0.036169,1065-9471,HUM BRAIN MAPP,9419065,517
517,0.8223,0.036134,1471-2458,BMC PUBLIC HEALTH,100968562,518
518,4.4765,0.036124,0168-9525,TRENDS GENET,8507085,519
519,1.4069,0.036072,0195-9131,MED SCI SPORT EXER,8005433,520
520,2.4304,0.035927,0040-6376,THORAX,0417353,521
521,0.8522,0.035902,0014-4819,EXP BRAIN RES,0043312,522
522,1.616,0.035832,1466-609X,CRIT CARE,,523
523,1.1747,0.035807,0031-0182,PALAEOGEOGR PALAEOCL,100971411,524
524,1.1522,0.035797,1093-9946,FRONT BIOSCI-LANDMRK,,525
525,1.8408,0.035616,0888-8809,MOL ENDOCRINOL,8801431,526
526,0.882,0.035572,0021-9290,J BIOMECH,0157375,527
527,1.5099,0.035557,0034-4257,REMOTE SENS ENVIRON,,528
528,0.9006,0.035545,0009-921X,CLIN ORTHOP RELAT R,0075674,529
529,0.799,0.035507,1549-3296,J BIOMED MATER RES A,101234237,530
530,1.6503,0.035442,0024-3590,LIMNOL OCEANOGR,9882871,531
531,0.415,0.035388,0013-5194,ELECTRON LETT,,532
532,1.7929,0.03538,0002-9343,AM J MED,0267200,533
533,0.3239,0.035348,0921-4526,PHYSICA B,,534
534,1.0245,0.035343,0006-3592,BIOTECHNOL BIOENG,7502021,535
535,1.2272,0.035335,0954-3899,J PHYS G NUCL PARTIC,100971606,536
536,0.8394,0.035314,0032-1052,PLAST RECONSTR SURG,,537
537,1.0925,0.035284,0076-6879,METHOD ENZYMOL,0212271,538
538,6.1922,0.035205,1473-3099,LANCET INFECT DIS,101130150,539
539,1.2775,0.035075,0031-3203,PATTERN RECOGN,,540
540,1.2843,0.034907,0340-6245,THROMB HAEMOSTASIS,7608063,541
541,1.5094,0.034852,0342-4642,INTENS CARE MED,7704851,542
542,1.7431,0.034781,1525-2027,GEOCHEM GEOPHY GEOSY,,543
543,0.7668,0.034737,1381-1169,J MOL CATAL A-CHEM,,544
544,1.5175,0.034733,0192-8651,J COMPUT CHEM,9878362,545
545,1.5827,0.034716,1072-7515,J AM COLL SURGEONS,9431305,546
546,0.9838,0.034698,0016-2361,FUEL,,547
547,1.3529,0.034565,1096-6080,TOXICOL SCI,,548
548,1.681,0.03456,0969-9961,NEUROBIOL DIS,9500169,549
549,2.0899,0.034534,1542-3565,CLIN GASTROENTEROL H,101160775,550
550,1.3084,0.034532,0263-6352,J HYPERTENS,8306882,551
551,0.9528,0.034493,0020-7683,INT J SOLIDS STRUCT,,552
552,0.9954,0.034429,0022-1317,J GEN VIROL,0077340,553
553,2.2929,0.034398,0888-8892,CONSERV BIOL,9882301,554
554,0.4019,0.03435,0030-4018,OPT COMMUN,9876434,555
555,0.9369,0.034347,0021-9355,J BONE JOINT SURG AM,,556
556,0.914,0.034331,0003-2697,ANAL BIOCHEM,0370535,557
557,0.8012,0.034325,1387-1811,MICROPOR MESOPOR MAT,,558
558,2.3305,0.034322,0007-1250,BRIT J PSYCHIAT,0342367,559
559,0.6199,0.034288,0039-6028,SURF SCI,,560
560,1.3497,0.03426,1043-1802,BIOCONJUGATE CHEM,9010319,561
561,1.2063,0.03418,1439-4227,CHEMBIOCHEM,100937360,562
562,1.4303,0.034154,0002-9947,T AM MATH SOC,,563
563,2.2323,0.034062,0022-3417,J PATHOL,0204634,564
564,0.9516,0.034031,0007-1145,BRIT J NUTR,0372547,565
565,0.7291,0.033951,0094-2405,MED PHYS,0425746,566
566,2.178,0.033874,0033-2917,PSYCHOL MED,1254142,567
567,0.387,0.033838,0018-9464,IEEE T MAGN,100971385,568
568,1.851,0.033777,0197-4580,NEUROBIOL AGING,8100437,569
569,4.3783,0.033725,0959-437X,CURR OPIN GENET DEV,9111375,570
570,1.0128,0.033584,1053-1807,J MAGN RESON IMAGING,9105850,571
571,1.1916,0.033481,1347-9032,CANCER SCI,101168776,572
572,0.9591,0.033422,0167-5273,INT J CARDIOL,8200291,573
573,0.8949,0.033335,0022-3085,J NEUROSURG,0253357,574
574,1.0818,0.033054,1381-6128,CURR PHARM DESIGN,9602487,575
575,3.2567,0.03297,0021-9010,J APPL PSYCHOL,0222526,576
576,7.9572,0.032836,1755-4330,NAT CHEM,101499734,577
577,0.7644,0.032819,0951-4198,RAPID COMMUN MASS SP,8802365,578
578,7.5335,0.032745,0034-6527,REV ECON STUD,101085345,579
579,0.7479,0.03274,0021-8693,J ALGEBRA,,580
580,2.4654,0.032736,1398-9219,TRAFFIC,100939340,581
581,0.3652,0.032676,0168-583X,NUCL INSTRUM METH B,9881766,582
582,1.0137,0.032627,0938-7994,EUR RADIOL,9114774,583
583,1.4176,0.032603,0027-0644,MON WEATHER REV,,584
584,1.1949,0.032565,0193-1857,AM J PHYSIOL-GASTR L,100901227,585
585,0.4782,0.032443,0378-4371,PHYSICA A,9890571,586
586,2.5127,0.032442,0025-1909,MANAGE SCI,9879580,587
587,0.6233,0.03236,0039-7881,SYNTHESIS-STUTTGART,,588
588,3.8091,0.032345,1937-9145,SCI SIGNAL,,589
589,0.8768,0.032338,0002-9637,AM J TROP MED HYG,0370507,590
590,1.4218,0.032335,1364-503X,PHILOS T R SOC A,101133385,591
591,1.9748,0.032307,1462-5814,CELL MICROBIOL,100883691,592
592,1.3291,0.03225,0005-2736,BBA-BIOMEMBRANES,,593
593,1.5681,0.032238,1010-061X,J EVOLUTION BIOL,8809954,594
594,0.5865,0.032174,0022-3115,J NUCL MATER,,595
595,0.8392,0.03209,0022-5193,J THEOR BIOL,0376342,596
596,0.6914,0.032067,0955-2219,J EUR CERAM SOC,,597
597,1.2369,0.032008,0022-0396,J DIFFER EQUATIONS,,598
598,0.9739,0.032007,0161-5890,MOL IMMUNOL,7905289,599
599,0.6232,0.032004,0044-8486,AQUACULTURE,9875921,600
600,1.3853,0.031937,1040-0605,AM J PHYSIOL-LUNG C,100901229,601
601,3.7113,0.031923,0304-3932,J MONETARY ECON,,602
602,0.6723,0.031908,0953-4075,J PHYS B-AT MOL OPT,8901658,603
603,0.4604,0.031892,0022-3093,J NON-CRYST SOLIDS,,604
604,1.917,0.031888,0167-4889,BBA-MOL CELL RES,,605
605,1.4996,0.031849,1463-9262,GREEN CHEM,,606
606,1.2123,0.031794,0190-9622,J AM ACAD DERMATOL,7907132,607
607,1.1059,0.031782,0269-2813,ALIMENT PHARM THER,8707234,608
608,1.2995,0.031768,0929-8673,CURR MED CHEM,9440157,609
609,0.5929,0.031676,0022-0302,J DAIRY SCI,2985126R,610
610,0.7235,0.031619,0002-9939,P AM MATH SOC,,611
611,0.511,0.031614,0065-2598,ADV EXP MED BIOL,0121103,612
612,1.0249,0.031596,0007-1161,BRIT J OPHTHALMOL,0421041,613
613,1.752,0.031457,0105-4538,ALLERGY,7804028,614
614,1.7121,0.031368,0022-2828,J MOL CELL CARDIOL,0262322,615
615,1.309,0.03133,0022-1236,J FUNCT ANAL,,616
616,1.6696,0.031325,2151-464X,ARTHRIT CARE RES,101518086,617
617,0.9679,0.031297,0360-4012,J NEUROSCI RES,7600111,618
618,3.8847,0.031277,1360-1385,TRENDS PLANT SCI,9890299,619
619,1.3148,0.031155,1742-7061,ACTA BIOMATER,101233144,620
620,5.6303,0.031081,0001-4273,ACAD MANAGE J,7703609,621
621,1.6893,0.031014,0965-2140,ADDICTION,9304118,622
622,1.3855,0.030976,1198-743X,CLIN MICROBIOL INFEC,9516420,623
623,1.9378,0.03092,0025-7079,MED CARE,0230027,624
624,1.4792,0.0309,0898-6568,CELL SIGNAL,8904683,625
625,0.601,0.030832,0377-0427,J COMPUT APPL MATH,,626
626,1.9428,0.030821,0009-9236,CLIN PHARMACOL THER,0372741,627
627,1.5305,0.03082,1478-6362,ARTHRITIS RES THER,,628
628,1.2249,0.030552,1022-1336,MACROMOL RAPID COMM,9888239,629
629,16.1685,0.030543,0147-006X,ANNU REV NEUROSCI,7804039,630
630,1.3106,0.030526,0961-8368,PROTEIN SCI,9211750,631
631,2.1698,0.030523,0730-0301,ACM T GRAPHIC,,632
632,3.523,0.030497,1369-5266,CURR OPIN PLANT BIOL,100883395,633
633,1.5423,0.030493,0030-1299,OIKOS,,634
634,2.2842,0.030413,0022-2593,J MED GENET,2985087R,635
635,1.4093,0.03037,0022-4928,J ATMOS SCI,,636
636,1.8513,0.030151,0271-678X,J CEREBR BLOOD F MET,8112566,637
637,1.6173,0.030106,0007-1323,BRIT J SURG,0372553,638
638,2.5044,0.029947,1554-8627,AUTOPHAGY,101265188,639
639,1.3718,0.029939,0376-8716,DRUG ALCOHOL DEPEN,7513587,640
640,1.7227,0.02992,1744-9561,BIOL LETTERS,101247722,641
641,1.0879,0.029728,0165-0327,J AFFECT DISORDERS,7906073,642
642,2.9598,0.029693,0586-7614,SCHIZOPHRENIA BULL,0236760,643
643,8.095,0.029693,0033-2909,PSYCHOL BULL,0376473,644
644,3.5424,0.02969,1369-5274,CURR OPIN MICROBIOL,9815056,645
645,0.6282,0.02969,0173-0835,ELECTROPHORESIS,8204476,646
646,3.3686,0.029654,0149-7634,NEUROSCI BIOBEHAV R,7806090,647
647,2.4245,0.029614,0038-6308,SPACE SCI REV,100971458,648
648,8.2348,0.029601,0079-6700,PROG POLYM SCI,,649
649,12.044,0.029599,1543-5008,ANNU REV PLANT BIOL,101140127,650
650,0.9129,0.029518,0168-1605,INT J FOOD MICROBIOL,8412849,651
651,3.015,0.029472,0820-3946,CAN MED ASSOC J,9711805,652
652,1.417,0.029443,0147-5185,AM J SURG PATHOL,7707904,653
653,0.7002,0.029406,0375-9474,NUCL PHYS A,101083919,654
654,0.8821,0.029281,0304-3800,ECOL MODEL,9882888,655
655,1.2582,0.029236,0028-3908,NEUROPHARMACOLOGY,0236217,656
656,0.7571,0.029229,0378-1097,FEMS MICROBIOL LETT,7705721,657
657,2.9458,0.029175,0163-7258,PHARMACOL THERAPEUT,7905840,658
658,0.6718,0.029137,0022-4596,J SOLID STATE CHEM,,659
659,1.1607,0.02908,1388-2457,CLIN NEUROPHYSIOL,100883319,660
660,1.1948,0.029077,0303-7207,MOL CELL ENDOCRINOL,7500844,661
661,1.4676,0.029069,1547-5271,HEART RHYTHM,101200317,662
662,7.7275,0.029053,0034-4885,REP PROG PHYS,19620690R,663
663,1.19,0.029049,0891-3668,PEDIATR INFECT DIS J,8701858,664
664,3.7206,0.029,0165-6147,TRENDS PHARMACOL SCI,7906158,665
665,1.0475,0.028971,0041-008X,TOXICOL APPL PHARM,0416575,666
666,1.5007,0.028954,0937-941X,OSTEOPOROSIS INT,9100105,667
667,0.6119,0.028953,0947-8396,APPL PHYS A-MATER,,668
668,1.6952,0.028945,0893-3952,MODERN PATHOL,8806605,669
669,0.8591,0.028741,1552-4825,AM J MED GENET A,101235741,670
670,1.8766,0.028738,0161-8105,SLEEP,7809084,671
671,0.4955,0.028732,0960-0779,CHAOS SOLITON FRACT,100971564,672
672,0.8588,0.028712,0196-2892,IEEE T GEOSCI REMOTE,,673
673,1.2429,0.028676,1534-7362,J VISION,101147197,674
674,2.1706,0.028662,0021-8901,J APPL ECOL,,675
675,1.0545,0.028545,0029-5981,INT J NUMER METH ENG,,676
676,1.3756,0.028408,0899-823X,INFECT CONT HOSP EP,8804099,677
677,0.746,0.028403,0144-8617,CARBOHYD POLYM,8307156,678
678,2.4916,0.028378,0930-7575,CLIM DYNAM,,679
679,0.4683,0.028308,0957-4174,EXPERT SYST APPL,,680
680,0.6483,0.028274,0731-7085,J PHARMACEUT BIOMED,8309336,681
681,0.7448,0.028192,1364-5072,J APPL MICROBIOL,9706280,682
682,0.8412,0.02814,1010-7940,EUR J CARDIO-THORAC,8804069,683
683,0.854,0.028034,0167-2738,SOLID STATE IONICS,,684
684,3.1309,0.027964,1001-0602,CELL RES,9425763,685
685,5.0298,0.027951,0003-486X,ANN MATH,,686
686,1.1973,0.027909,0724-8741,PHARM RES-DORDR,8406521,687
687,3.4231,0.027874,1367-5931,CURR OPIN CHEM BIOL,9811312,688
688,1.0936,0.027859,0040-1951,TECTONOPHYSICS,,689
689,0.8557,0.027824,0364-2313,WORLD J SURG,7704052,690
690,2.3853,0.027823,0022-0477,J ECOL,,691
691,1.7743,0.027822,0305-0270,J BIOGEOGR,,692
692,0.605,0.027796,0260-8774,J FOOD ENG,,693
693,0.7492,0.027769,0960-1317,J MICROMECH MICROENG,,694
694,1.0718,0.027754,1742-5468,J STAT MECH-THEORY E,,695
695,6.8128,0.027738,0895-3309,J ECON PERSPECT,9885204,696
696,0.8127,0.027679,0740-3224,J OPT SOC AM B,9880875,697
697,2.4389,0.027598,1074-5521,CHEM BIOL,9500160,698
698,2.3002,0.027548,0021-9630,J CHILD PSYCHOL PSYC,0375361,699
699,3.8765,0.027514,0003-0007,B AM METEOROL SOC,100971607,700
700,0.8468,0.027505,0165-0270,J NEUROSCI METH,7905558,701
701,0.7032,0.027497,0946-2171,APPL PHYS B-LASERS O,100910685,702
702,1.0084,0.027463,0031-9384,PHYSIOL BEHAV,0151504,703
703,1.8679,0.02744,0894-1491,GLIA,8806785,704
704,11.4212,0.02744,1081-0706,ANNU REV CELL DEV BI,9600627,705
705,2.5087,0.027422,0009-3920,CHILD DEV,0372725,706
706,1.1592,0.02732,0363-5465,AM J SPORT MED,7609541,707
707,3.8187,0.027314,1471-4906,TRENDS IMMUNOL,100966032,708
708,0.8007,0.027284,0018-9545,IEEE T VEH TECHNOL,,709
709,0.6083,0.027022,0018-8158,HYDROBIOLOGIA,9879627,710
710,0.7474,0.027003,0014-3057,EUR POLYM J,,711
711,4.5117,0.026975,0020-9910,INVENT MATH,,712
712,1.2453,0.026974,0305-7364,ANN BOT-LONDON,0372347,713
713,0.9165,0.026895,0042-6989,VISION RES,0417402,714
714,2.2013,0.026887,0012-1649,DEV PSYCHOL,0260564,715
715,0.8857,0.026866,0090-6778,IEEE T COMMUN,,716
716,1.3554,0.026772,0010-4655,COMPUT PHYS COMMUN,100971327,717
717,4.6394,0.026717,1063-5157,SYST BIOL,9302532,718
718,0.9777,0.026717,0169-555X,GEOMORPHOLOGY,,719
719,1.8468,0.026622,1568-7864,DNA REPAIR,,720
720,0.7067,0.026595,0223-5234,EUR J MED CHEM,0420510,721
721,0.6483,0.026587,0022-2488,J MATH PHYS,,722
722,1.0809,0.026583,0921-8009,ECOL ECON,101085818,723
723,0.7021,0.026498,1615-9306,J SEP SCI,101088554,724
724,2.1846,0.026484,1465-5411,BREAST CANCER RES,100927353,725
725,0.9044,0.026455,0032-079X,PLANT SOIL,9882808,726
726,0.7477,0.026438,1566-7367,CATAL COMMUN,,727
727,1.3212,0.026436,1619-7070,EUR J NUCL MED MOL I,101140988,728
728,1.066,0.026393,1549-8328,IEEE T CIRCUITS-I,,729
729,2.328,0.026386,0001-6322,ACTA NEUROPATHOL,0412041,730
730,1.8445,0.026353,0165-0009,CLIMATIC CHANGE,101087507,731
731,1.6287,0.026286,0163-6804,IEEE COMMUN MAG,,732
732,2.425,0.026285,0022-0531,J ECON THEORY,101086004,733
733,0.8385,0.026251,0167-9473,COMPUT STAT DATA AN,,734
734,0.2912,0.026246,1533-4880,J NANOSCI NANOTECHNO,101088195,735
735,0.7577,0.026125,1099-0062,ELECTROCHEM SOLID ST,,736
736,0.8341,0.026068,0378-1135,VET MICROBIOL,7705469,737
737,1.3732,0.026015,1582-1838,J CELL MOL MED,101083777,738
738,1.9377,0.025978,0010-0277,COGNITION,0367541,739
739,0.7753,0.025964,0022-510X,J NEUROL SCI,0375403,740
740,0.9272,0.025949,0003-9861,ARCH BIOCHEM BIOPHYS,0372430,741
741,8.7858,0.025943,0022-3808,J POLIT ECON,9878848,742
742,0.6399,0.025842,0924-4247,SENSOR ACTUAT A-PHYS,101137102,743
743,1.3729,0.025809,1535-9778,EUKARYOT CELL,,744
744,1.6729,0.025772,1044-1549,AM J RESP CELL MOL,8917225,745
745,11.3236,0.025752,0066-4308,ANNU REV PSYCHOL,0372374,746
746,1.623,0.025748,1047-8477,J STRUCT BIOL,9011206,747
747,2.0672,0.025742,0021-8790,J ANIM ECOL,0376574,748
748,0.7111,0.025679,0024-3205,LIFE SCI,0375521,749
749,1.092,0.025675,0006-3363,BIOL REPROD,0207224,750
750,0.945,0.02565,0002-9610,AM J SURG,0370473,751
751,1.4744,0.025634,1078-0998,INFLAMM BOWEL DIS,9508162,752
752,1.2744,0.025594,1470-0328,BJOG-INT J OBSTET GY,100935741,753
753,1.1545,0.025578,0167-8140,RADIOTHER ONCOL,8407192,754
754,0.6832,0.025548,0163-3864,J NAT PROD,7906882,755
755,0.6859,0.025548,0023-852X,LARYNGOSCOPE,8607378,756
756,0.6846,0.025525,1434-6028,EUR PHYS J B,,757
757,1.232,0.02551,1556-0864,J THORAC ONCOL,101274235,758
758,1.3533,0.025489,0003-9950,ARCH OPHTHALMOL-CHIC,7706534,759
759,0.6358,0.025467,0278-6915,FOOD CHEM TOXICOL,8207483,760
760,1.7459,0.025423,0140-7791,PLANT CELL ENVIRON,9309004,761
761,2.0739,0.02537,0890-8567,J AM ACAD CHILD PSY,8704565,762
762,0.9322,0.025339,0090-9556,DRUG METAB DISPOS,9421550,763
763,4.3972,0.025322,0034-6535,REV ECON STAT,9877925,764
764,0.9867,0.025279,0885-8993,IEEE T POWER ELECTR,,765
765,0.8778,0.025243,0885-6087,HYDROL PROCESS,,766
766,1.7441,0.025238,0895-4356,J CLIN EPIDEMIOL,8801383,767
767,0.5856,0.025197,0898-1221,COMPUT MATH APPL,101092359,768
768,1.1388,0.025168,0804-4643,EUR J ENDOCRINOL,9423848,769
769,12.1338,0.025147,0066-4197,ANNU REV GENET,0117605,770
770,1.4555,0.025145,1018-4813,EUR J HUM GENET,9302235,771
771,2.9597,0.025133,0920-5691,INT J COMPUT VISION,,772
772,0.406,0.02507,0250-7005,ANTICANCER RES,8102988,773
773,0.8685,0.025054,0378-1119,GENE,7706761,774
774,1.4511,0.025043,0079-6123,PROG BRAIN RES,0376441,775
775,1.0644,0.025027,0003-2654,ANALYST,0372652,776
776,0.728,0.024968,0010-938X,CORROS SCI,,777
777,1.3274,0.024954,1882-0778,APPL PHYS EXPRESS,,778
778,0.8402,0.024934,1383-5866,SEP PURIF TECHNOL,,779
779,0.587,0.024857,0378-8741,J ETHNOPHARMACOL,7903310,780
780,1.3145,0.024856,0029-5515,NUCL FUSION,,781
781,2.9589,0.024854,1560-7917,EUROSURVEILLANCE,,782
782,0.4552,0.024797,0021-9568,J CHEM ENG DATA,,783
783,1.1731,0.024784,0039-6060,SURGERY,0417347,784
784,1.5077,0.024776,0005-2728,BBA-BIOENERGETICS,,785
785,0.6496,0.024696,0261-3069,MATER DESIGN,,786
786,2.8367,0.024608,1084-9521,SEMIN CELL DEV BIOL,9607332,787
787,0.8448,0.024603,0272-7714,ESTUAR COAST SHELF S,,788
788,0.8916,0.024593,0031-9422,PHYTOCHEMISTRY,0151434,789
789,1.03,0.024577,1531-1309,IEEE MICROW WIREL CO,,790
790,0.5316,0.024561,0012-365X,DISCRETE MATH,,791
791,2.682,0.024545,1532-4435,J MACH LEARN RES,,792
792,0.7904,0.024513,0730-7268,ENVIRON TOXICOL CHEM,8308958,793
793,0.2674,0.024471,0041-1345,TRANSPL P,0243532,794
794,1.9585,0.02446,1072-4710,ARCH PEDIAT ADOL MED,9422751,795
795,1.5949,0.024395,1364-0321,RENEW SUST ENERG REV,,796
796,2.6435,0.024386,0886-6236,GLOBAL BIOGEOCHEM CY,100971590,797
797,0.4479,0.024365,0022-328X,J ORGANOMET CHEM,,798
798,1.0386,0.024343,0340-5354,J NEUROL,0423161,799
799,0.4916,0.024179,0167-9317,MICROELECTRON ENG,,800
800,2.6786,0.02417,1044-3983,EPIDEMIOLOGY,9009644,801
801,2.0752,0.024167,1948-7185,J PHYS CHEM LETT,,802
802,0.5042,0.024124,0370-1972,PHYS STATUS SOLIDI B,,803
803,2.0625,0.024095,0265-9247,BIOESSAYS,8510851,804
804,1.7916,0.024052,1726-4170,BIOGEOSCIENCES,,805
805,0.5058,0.02399,1862-6300,PHYS STATUS SOLIDI A,,806
806,0.7943,0.023934,0022-3549,J PHARM SCI-US,2985195R,807
807,0.4842,0.023825,1071-1023,J VAC SCI TECHNOL B,,808
808,0.904,0.023809,0168-1656,J BIOTECHNOL,8411927,809
809,1.724,0.023808,0004-0010,ARCH SURG-CHICAGO,9716528,810
810,1.3746,0.023747,1054-139X,J ADOLESCENT HEALTH,9102136,811
811,1.9377,0.023668,0269-8463,FUNCT ECOL,,812
812,0.6203,0.023642,0021-8812,J ANIM SCI,8003002,813
813,0.888,0.023599,0301-4797,J ENVIRON MANAGE,0401664,814
814,2.9202,0.023565,0958-1669,CURR OPIN BIOTECH,9100492,815
815,1.1957,0.023552,0167-8809,AGR ECOSYST ENVIRON,,816
816,0.694,0.023545,0043-1648,WEAR,,817
817,0.9125,0.023513,1091-255X,J GASTROINTEST SURG,9706084,818
818,0.6424,0.023503,0301-0104,CHEM PHYS,0371632,819
819,0.5631,0.023442,0163-2116,DIGEST DIS SCI,7902782,820
820,2.8125,0.023418,1751-7362,ISME J,101301086,821
821,0.7574,0.023406,1073-5623,METALL MATER TRANS A,,822
822,1.445,0.0234,0143-005X,J EPIDEMIOL COMMUN H,7909766,823
823,8.1589,0.023343,0163-769X,ENDOCR REV,8006258,824
824,1.4148,0.023327,0032-0781,PLANT CELL PHYSIOL,9430925,825
825,9.2731,0.0233,1543-592X,ANNU REV ECOL EVOL S,,826
826,1.009,0.023298,0300-0664,CLIN ENDOCRINOL,0346653,827
827,1.2788,0.023266,1063-4584,OSTEOARTHR CARTILAGE,9305697,828
828,0.7865,0.023252,0191-8869,PERS INDIV DIFFER,8006972,829
829,0.805,0.023238,1083-3668,J BIOMED OPT,9605853,830
830,1.3393,0.023236,0024-4937,LITHOS,,831
831,0.595,0.023232,0957-4166,TETRAHEDRON-ASYMMETR,,832
832,1.302,0.023139,1077-260X,IEEE J SEL TOP QUANT,,833
833,2.38,0.023135,0042-9686,B WORLD HEALTH ORGAN,7507052,834
834,1.948,0.023114,1046-2023,METHODS,9426302,835
835,1.4924,0.023102,1079-5006,J GERONTOL A-BIOL,9502837,836
836,0.997,0.023093,0009-9104,CLIN EXP IMMUNOL,0057202,837
837,0.9871,0.023063,0040-5752,THEOR APPL GENET,0145600,838
838,0.4872,0.023007,1466-5026,INT J SYST EVOL MICR,100899600,839
839,1.785,0.022981,1742-5689,J R SOC INTERFACE,,840
840,1.6982,0.022955,1083-7159,ONCOLOGIST,9607837,841
841,5.5477,0.022791,1943-0264,CSH PERSPECT BIOL,,842
842,1.9716,0.02278,0025-6196,MAYO CLIN PROC,0405543,843
843,1.0851,0.022728,0741-3335,PLASMA PHYS CONTR F,,844
844,0.5354,0.022724,0957-0233,MEAS SCI TECHNOL,9005438,845
845,3.6968,0.022645,1471-4914,TRENDS MOL MED,100966035,846
846,2.3685,0.022588,0022-006X,J CONSULT CLIN PSYCH,0136553,847
847,3.3543,0.022515,0165-0173,BRAIN RES REV,101300366,848
848,0.7315,0.022512,0815-9319,J GASTROEN HEPATOL,8607909,849
849,0.6477,0.022511,0927-0256,COMP MATER SCI,,850
850,1.9262,0.022504,0146-1672,PERS SOC PSYCHOL B,7809042,851
851,1.6709,0.022494,1541-7786,MOL CANCER RES,101150042,852
852,1.0561,0.022488,1044-0305,J AM SOC MASS SPECTR,9010412,853
853,0.7293,0.022469,1019-6439,INT J ONCOL,9306042,854
854,0.8149,0.022463,0041-1132,TRANSFUSION,0417360,855
855,1.0722,0.022438,0007-0912,BRIT J ANAESTH,0372541,856
856,1.1622,0.022402,1053-2498,J HEART LUNG TRANSPL,9102703,857
857,0.3931,0.022387,0020-1693,INORG CHIM ACTA,,858
858,2.1599,0.022302,1050-9631,HIPPOCAMPUS,9108167,859
859,1.8066,0.022299,1388-1981,BBA-MOL CELL BIOL L,,860
860,1.4164,0.022288,0022-3670,J PHYS OCEANOGR,,861
861,1.2803,0.022283,0168-6496,FEMS MICROBIOL ECOL,8901229,862
862,0.8123,0.022256,0953-2048,SUPERCOND SCI TECH,,863
863,1.2544,0.022201,0954-7894,CLIN EXP ALLERGY,8906443,864
864,0.7192,0.0222,0009-8981,CLIN CHIM ACTA,1302422,865
865,0.2003,0.022162,1175-5326,ZOOTAXA,,866
866,9.6571,0.022139,0066-4278,ANNU REV PHYSIOL,0370600,867
867,0.7744,0.022058,0020-0255,INFORM SCIENCES,9875661,868
868,1.004,0.02204,0145-6008,ALCOHOL CLIN EXP RES,7707242,869
869,5.9453,0.022026,0033-295X,PSYCHOL REV,0376476,870
870,1.0914,0.022017,0037-1106,B SEISMOL SOC AM,,871
871,0.6662,0.022006,1545-5009,PEDIATR BLOOD CANCER,101186624,872
872,0.7939,0.021985,0360-5442,ENERGY,,873
873,1.0124,0.021983,0268-3369,BONE MARROW TRANSPL,8702459,874
874,1.612,0.021907,0022-1031,J EXP SOC PSYCHOL,0045332,875
875,2.8366,0.021902,0167-7799,TRENDS BIOTECHNOL,8310903,876
876,1.2895,0.021899,1083-8791,BIOL BLOOD MARROW TR,9600628,877
877,0.672,0.021889,0196-8904,ENERG CONVERS MANAGE,,878
878,1.3921,0.021855,0167-7055,COMPUT GRAPH FORUM,,879
879,1.8822,0.021851,1359-6446,DRUG DISCOV TODAY,9604391,880
880,1.502,0.021817,1069-9384,PSYCHON B REV,9502924,881
881,2.715,0.02176,0013-0133,ECON J,101518442,882
882,0.3826,0.021746,0366-7022,CHEM LETT,,883
883,0.9516,0.021746,0025-729X,MED J AUSTRALIA,0400714,884
884,0.8155,0.021731,0720-048X,EUR J RADIOL,8106411,885
885,0.7506,0.021724,1466-8033,CRYSTENGCOMM,,886
886,1.5854,0.02172,0306-4530,PSYCHONEUROENDOCRINO,7612148,887
887,0.9766,0.021708,0377-0273,J VOLCANOL GEOTH RES,,888
888,1.249,0.021693,0022-0345,J DENT RES,0354343,889
889,6.8366,0.021692,0893-8512,CLIN MICROBIOL REV,8807282,890
890,1.4538,0.021623,0035-9009,Q J ROY METEOR SOC,,891
891,0.5756,0.021598,0024-3795,LINEAR ALGEBRA APPL,,892
892,0.5789,0.021584,0304-3975,THEOR COMPUT SCI,,893
893,0.5847,0.021511,0884-2914,J MATER RES,,894
894,1.3196,0.021491,0038-0938,SOL PHYS,,895
895,1.277,0.021453,1944-8244,ACS APPL MATER INTER,101504991,896
896,1.0267,0.021428,1527-6465,LIVER TRANSPLANT,100909185,897
897,1.0459,0.021407,0924-8579,INT J ANTIMICROB AG,9111860,898
898,1.3192,0.021387,0031-6768,PFLUG ARCH EUR J PHY,0154720,899
899,2.1486,0.021318,0047-2727,J PUBLIC ECON,101084660,900
900,0.815,0.021269,0960-1481,RENEW ENERG,,901
901,1.5415,0.02126,1044-7431,MOL CELL NEUROSCI,9100095,902
902,1.0792,0.021257,1471-2180,BMC MICROBIOL,100966981,903
903,1.4581,0.021233,1064-8275,SIAM J SCI COMPUT,,904
904,0.74,0.021186,0927-7765,COLLOID SURFACE B,9315133,905
905,1.3702,0.021185,0005-7967,BEHAV RES THER,0372477,906
906,1.0428,0.021172,0893-228X,CHEM RES TOXICOL,8807448,907
907,1.2008,0.021163,0019-2805,IMMUNOLOGY,0374672,908
908,0.684,0.021163,1346-9843,CIRC J,101137683,909
909,1.0073,0.021153,0736-0266,J ORTHOP RES,8404726,910
910,0.7887,0.021147,0141-0296,ENG STRUCT,,911
911,17.1569,0.021082,0066-4146,ANNU REV ASTRON ASTR,101137067,912
912,1.0892,0.021054,0742-3071,DIABETIC MED,8500858,913
913,0.861,0.02105,0300-483X,TOXICOLOGY,0361055,914
914,0.9411,0.02104,1538-4047,CANCER BIOL THER,101137842,915
915,0.8982,0.021037,1475-2875,MALARIA J,101139802,916
916,1.0401,0.021022,0046-8177,HUM PATHOL,9421547,917
917,1.0714,0.021006,1471-2334,BMC INFECT DIS,100968551,918
918,5.5578,0.020998,0363-7425,ACAD MANAGE REV,9877758,919
919,0.9712,0.020983,0032-0935,PLANTA,1250576,920
920,1.6177,0.020976,0196-0644,ANN EMERG MED,8002646,921
921,0.9184,0.02097,0031-3998,PEDIATR RES,0100714,922
922,0.9715,0.020935,1351-5101,EUR J NEUROL,9506311,923
923,0.5231,0.020924,1021-335X,ONCOL REP,9422756,924
924,0.8797,0.02091,0016-7061,GEODERMA,,925
925,1.2633,0.020898,1566-1199,ORG ELECTRON,,926
926,0.6939,0.020885,0959-4965,NEUROREPORT,9100935,927
927,2.8373,0.020867,0966-842X,TRENDS MICROBIOL,9310916,928
928,1.2475,0.020866,1861-4728,CHEM-ASIAN J,,929
929,0.726,0.02085,0018-9294,IEEE T BIO-MED ENG,0012737,930
930,0.6662,0.020844,0886-3350,J CATARACT REFR SURG,8604171,931
931,0.6924,0.020839,1010-6030,J PHOTOCH PHOTOBIO A,,932
932,1.1049,0.020812,1387-2877,J ALZHEIMERS DIS,9814863,933
933,0.759,0.020754,0003-9993,ARCH PHYS MED REHAB,2985158R,934
934,5.382,0.020728,1369-7412,J R STAT SOC B,,935
935,0.6837,0.020652,0803-5253,ACTA PAEDIATR,9205968,936
936,1.1319,0.020635,1040-2446,ACAD MED,8904605,937
937,2.2951,0.020625,1471-4892,CURR OPIN PHARMACOL,100966133,938
938,1.1776,0.020625,0046-5070,FRESHWATER BIOL,,939
939,1.6189,0.020606,0036-1429,SIAM J NUMER ANAL,,940
940,1.2987,0.020579,1045-2249,BEHAV ECOL,,941
941,1.0516,0.020578,1386-6532,J CLIN VIROL,9815671,942
942,2.0312,0.020564,0954-6820,J INTERN MED,8904841,943
943,0.7945,0.020561,0025-3162,MAR BIOL,,944
944,3.684,0.02054,0092-5853,AM J POLIT SCI,100966955,945
945,1.1597,0.020504,0967-0645,DEEP-SEA RES PT II,,946
946,1.3159,0.02049,1521-6616,CLIN IMMUNOL,100883537,947
947,1.6524,0.020456,0006-341X,BIOMETRICS,0370625,948
948,0.671,0.020453,1359-4311,APPL THERM ENG,,949
949,1.1701,0.020451,0010-2180,COMBUST FLAME,,950
950,1.0192,0.020393,1570-9639,BBA-PROTEINS PROTEOM,,951
951,0.9664,0.020347,0305-0548,COMPUT OPER RES,,952
952,1.2913,0.020343,0969-7128,GENE THER,9421525,953
953,0.7696,0.020338,1522-1946,CATHETER CARDIO INTE,100884139,954
954,0.4289,0.0203,0022-3468,J PEDIATR SURG,0052631,955
955,1.6117,0.020248,0340-6717,HUM GENET,7613873,956
956,0.7755,0.020226,0022-0981,J EXP MAR BIOL ECOL,,957
957,0.5343,0.020225,0921-5107,MATER SCI ENG B-ADV,,958
958,0.5353,0.020204,0304-4017,VET PARASITOL,7602745,959
959,1.7549,0.020147,0022-5096,J MECH PHYS SOLIDS,,960
960,0.9095,0.020116,0012-3706,DIS COLON RECTUM,0372764,961
961,0.6739,0.020109,1572-6657,J ELECTROANAL CHEM,,962
962,1.4004,0.020085,1388-9842,EUR J HEART FAIL,100887595,963
963,1.5794,0.020045,1476-4598,MOL CANCER,101147698,964
964,0.5034,0.020045,0022-2313,J LUMIN,,965
965,1.3793,0.019933,0899-8418,INT J CLIMATOL,,966
966,0.7895,0.019894,0992-7689,ANN GEOPHYS-GERMANY,,967
967,1.6676,0.019788,0033-3174,PSYCHOSOM MED,0376505,968
968,0.6827,0.01977,0141-3910,POLYM DEGRAD STABIL,,969
969,0.6037,0.019732,1084-7529,J OPT SOC AM A,9800943,970
970,0.7408,0.019726,0964-1726,SMART MATER STRUCT,,971
971,1.1378,0.019719,1364-5021,P ROY SOC A-MATH PHY,,972
972,0.6492,0.019716,0196-9781,PEPTIDES,8008690,973
973,1.0073,0.019712,0003-9888,ARCH DIS CHILD,0372434,974
974,4.0849,0.019703,1540-9295,FRONT ECOL ENVIRON,,975
975,1.1263,0.019686,0002-9122,AM J BOT,0370467,976
976,1.4674,0.019672,0894-0282,MOL PLANT MICROBE IN,9107902,977
977,0.782,0.019663,0146-6615,J MED VIROL,7705876,978
978,1.1938,0.019661,0304-4165,BBA-GEN SUBJECTS,,979
979,2.5392,0.019653,0883-7694,MRS BULL,100971398,980
980,0.9318,0.019652,0169-5002,LUNG CANCER,8800805,981
981,1.6927,0.019651,1522-8002,NEOPLASIA,,982
982,0.426,0.019634,0273-1177,ADV SPACE RES,9878935,983
983,1.3181,0.01963,0013-726X,ENDOSCOPY,0215166,984
984,1.2735,0.019619,0897-7151,J NEUROTRAUM,8811626,985
985,0.673,0.019601,1478-6435,PHILOS MAG,,986
986,0.6976,0.019575,0300-7995,CURR MED RES OPIN,0351014,987
987,0.7985,0.019552,0940-6719,EUR SPINE J,9301980,988
988,1.1439,0.019511,0002-8223,J AM DIET ASSOC,7503061,989
989,1.2478,0.019498,0091-7435,PREV MED,0322116,990
990,1.5549,0.019449,1073-7928,INT MATH RES NOTICES,,991
991,0.9802,0.019415,0003-004X,AM MINERAL,,992
992,7.2986,0.019409,1092-2172,MICROBIOL MOL BIOL R,9706653,993
993,1.1134,0.019399,0300-9084,BIOCHIMIE,1264604,994
994,0.764,0.019393,0954-6111,RESP MED,8908438,995
995,3.4981,0.019375,0301-0082,PROG NEUROBIOL,0370121,996
996,1.1353,0.019365,0340-5443,BEHAV ECOL SOCIOBIOL,7608456,997
997,0.9787,0.01935,0167-2789,PHYSICA D,9890573,998
998,0.5192,0.019339,1424-8220,SENSORS-BASEL,101204366,999
999,1.7539,0.019332,0946-2716,J MOL MED,9504370,1000
1000,1.8109,0.019329,0025-5831,MATH ANN,,1001
1001,1.2995,0.019328,0018-506X,HORM BEHAV,0217764,1002
1002,0.7584,0.019319,0025-326X,MAR POLLUT BULL,0260231,1003
1003,1.4887,0.019303,1935-2735,PLOS NEGLECT TROP D,,1004
1004,0.3882,0.019292,0277-5387,POLYHEDRON,,1005
1005,0.4191,0.019276,1386-9477,PHYSICA E,,1006
1006,0.8691,0.019271,0047-2425,J ENVIRON QUAL,0330666,1007
1007,4.3055,0.019267,1369-7021,MATER TODAY,,1008
1008,0.3207,0.019258,0022-2860,J MOL STRUCT,0141747,1009
1009,1.5645,0.019224,0160-4120,ENVIRON INT,7807270,1010
1010,3.0862,0.019188,0272-7358,CLIN PSYCHOL REV,8111117,1011
1011,0.4025,0.019183,0018-9499,IEEE T NUCL SCI,9879488,1012
1012,0.9067,0.019173,0738-3991,PATIENT EDUC COUNS,8406280,1013
1013,0.6878,0.019172,0001-1541,AICHE J,9879346,1014
1014,0.9234,0.01912,0361-5995,SOIL SCI SOC AM J,9883008,1015
1015,3.118,0.019042,1936-8798,JACC-CARDIOVASC INTE,,1016
1016,0.3557,0.019035,1386-1425,SPECTROCHIM ACTA A,9602533,1017
1017,1.2688,0.018965,0167-4412,PLANT MOL BIOL,9106343,1018
1018,0.8994,0.018953,1549-7747,IEEE T CIRCUITS-II,,1019
1019,0.8615,0.018944,0013-7944,ENG FRACT MECH,,1020
1020,2.1649,0.018939,0906-7590,ECOGRAPHY,,1021
1021,1.2468,0.018934,0957-5243,CANCER CAUSE CONTROL,9100846,1022
1022,0.2884,0.018919,0921-4534,PHYSICA C,,1023
1023,1.3084,0.018909,0278-0062,IEEE T MED IMAGING,8310780,1024
1024,0.8041,0.018907,0026-0495,METABOLISM,0375267,1025
1025,1.5214,0.018891,1543-8384,MOL PHARMACEUT,101197791,1026
1026,0.9012,0.018859,1359-835X,COMPOS PART A-APPL S,,1027
1027,0.9915,0.018821,0022-4715,J STAT PHYS,,1028
1028,0.5778,0.018819,0194-5998,OTOLARYNG HEAD NECK,8508176,1029
1029,0.8652,0.018804,0165-5728,J NEUROIMMUNOL,8109498,1030
1030,0.9176,0.018798,0885-8950,IEEE T POWER SYST,,1031
1031,2.6415,0.018797,0006-3444,BIOMETRIKA,0413661,1032
1032,1.012,0.018783,0022-0795,J ENDOCRINOL,0375363,1033
1033,0.5851,0.018769,1040-0397,ELECTROANAL,,1034
1034,1.0444,0.018714,0166-445X,AQUAT TOXICOL,8500246,1035
1035,1.5695,0.01871,0004-6280,PUBL ASTRON SOC PAC,,1036
1036,0.8233,0.018679,0022-2615,J MED MICROBIOL,0224131,1037
1037,1.3557,0.018673,0168-1923,AGR FOREST METEOROL,,1038
1038,2.7792,0.018655,0012-7094,DUKE MATH J,,1039
1039,0.8436,0.018643,0960-3115,BIODIVERS CONSERV,,1040
1040,1.0863,0.018628,0032-0633,PLANET SPACE SCI,100971414,1041
1041,0.9788,0.018598,1286-4579,MICROBES INFECT,100883508,1042
1042,0.5364,0.018592,1079-2104,ORAL SURG ORAL MED O,9508562,1043
1043,0.867,0.018573,0378-4274,TOXICOL LETT,7709027,1044
1044,1.6432,0.018564,0925-4439,BBA-MOL BASIS DIS,,1045
1045,2.6222,0.018563,1474-9718,AGING CELL,101130839,1046
1046,2.4036,0.018515,1554-8929,ACS CHEM BIOL,101282906,1047
1047,1.2655,0.018475,0004-6264,PUBL ASTRON SOC JPN,,1048
1048,0.5616,0.018459,0022-1112,J FISH BIOL,0214055,1049
1049,0.6435,0.018447,0957-4530,J MATER SCI-MATER M,9013087,1050
1050,3.3396,0.018436,1053-5888,IEEE SIGNAL PROC MAG,,1051
1051,1.076,0.018411,0304-3991,ULTRAMICROSCOPY,7513702,1052
1052,0.6435,0.0184,0022-4804,J SURG RES,0376340,1053
1053,1.0016,0.018387,0302-766X,CELL TISSUE RES,0417625,1054
1054,1.7162,0.018382,1554-351X,BEHAV RES METHODS,101244316,1055
1055,0.9776,0.018359,0939-6411,EUR J PHARM BIOPHARM,9109778,1056
1056,2.0513,0.018359,1432-9840,ECOSYSTEMS,,1057
1057,0.8713,0.018344,0168-1702,VIRUS RES,8410979,1058
1058,1.0332,0.018304,1360-2276,TROP MED INT HEALTH,9610576,1059
1059,0.6988,0.018251,0263-8223,COMPOS STRUCT,,1060
1060,0.8632,0.018207,0014-4835,EXP EYE RES,0370707,1061
1061,1.0008,0.01819,0894-7317,J AM SOC ECHOCARDIOG,8801388,1062
1062,1.3747,0.018178,1742-206X,MOL BIOSYST,,1063
1063,2.7895,0.018162,0006-3568,BIOSCIENCE,0231737,1064
1064,1.1739,0.018149,1552-4841,AM J MED GENET B,101235742,1065
1065,0.8589,0.018147,0167-594X,J NEURO-ONCOL,8309335,1066
1066,0.7673,0.018139,0049-3848,THROMB RES,0326377,1067
1067,0.4607,0.018124,0918-6158,BIOL PHARM BULL,9311984,1068
1068,7.4302,0.018124,0066-4227,ANNU REV MICROBIOL,0372370,1069
1069,0.5251,0.018076,0022-1147,J FOOD SCI,0014052,1070
1070,1.6178,0.018069,0003-4916,ANN PHYS-NEW YORK,,1071
1071,3.9191,0.018041,0167-7659,CANCER METAST REV,8605731,1072
1072,1.2036,0.018034,0195-6701,J HOSP INFECT,8007166,1073
1073,2.3628,0.018027,0021-843X,J ABNORM PSYCHOL,0034461,1074
1074,1.0872,0.018025,0008-8846,CEMENT CONCRETE RES,,1075
1075,2.6996,0.018022,1754-5692,ENERG ENVIRON SCI,,1076
1076,1.0188,0.018012,0306-3674,BRIT J SPORT MED,0432520,1077
1077,0.6843,0.017971,1144-0546,NEW J CHEM,,1078
1078,0.7556,0.017876,0960-8923,OBES SURG,9106714,1079
1079,2.8324,0.017869,0143-2095,STRATEGIC MANAGE J,,1080
1080,0.5473,0.017855,0025-5408,MATER RES BULL,101183746,1081
1081,4.1137,0.01773,1946-6234,SCI TRANSL MED,101505086,1082
1082,0.777,0.017712,1472-6963,BMC HEALTH SERV RES,101088677,1083
1083,0.586,0.017702,1011-372X,CATAL LETT,,1084
1084,0.8771,0.01768,1078-5884,EUR J VASC ENDOVASC,9512728,1085
1085,0.8941,0.017678,0149-2918,CLIN THER,7706726,1086
1086,4.1366,0.017677,0010-3640,COMMUN PUR APPL MATH,,1087
1087,1.6849,0.017675,0018-067X,HEREDITY,0373007,1088
1088,2.801,0.017672,0022-1996,J INT ECON,101085391,1089
1089,2.7288,0.017667,1466-822X,GLOBAL ECOL BIOGEOGR,,1090
1090,0.6147,0.017667,0378-3758,J STAT PLAN INFER,,1091
1091,0.9644,0.017652,1045-3873,J CARDIOVASC ELECTR,9010756,1092
1092,1.1452,0.017622,1613-4125,MOL NUTR FOOD RES,101231818,1093
1093,4.2829,0.017595,0168-6445,FEMS MICROBIOL REV,8902526,1094
1094,0.7128,0.017583,0925-5273,INT J PROD ECON,,1095
1095,0.5454,0.017546,0008-6215,CARBOHYD RES,0043535,1096
1096,0.7362,0.017539,1556-6811,CLIN VACCINE IMMUNOL,,1097
1097,1.3251,0.017497,0003-987X,ARCH DERMATOL,0372433,1098
1098,0.6238,0.017493,0001-1452,AIAA J,,1099
1099,0.3183,0.017488,0268-3768,INT J ADV MANUF TECH,,1100
1100,2.9865,0.017472,1043-2760,TRENDS ENDOCRIN MET,9001516,1101
1101,1.1791,0.01743,1077-2626,IEEE T VIS COMPUT GR,9891704,1102
1102,1.2532,0.017421,1360-8185,APOPTOSIS,9712129,1103
1103,0.5869,0.017405,1089-7798,IEEE COMMUN LETT,,1104
1104,1.1389,0.0174,1352-4585,MULT SCLER J,9509185,1105
1105,0.8116,0.017386,0165-1781,PSYCHIAT RES,7911385,1106
1106,1.4691,0.017378,1063-6692,IEEE ACM T NETWORK,,1107
1107,0.9924,0.017363,1075-2730,PSYCHIAT SERV,9502838,1108
1108,0.6484,0.017363,0301-620X,J BONE JOINT SURG BR,0375355,1109
1109,0.795,0.017335,0021-9746,J CLIN PATHOL,0376601,1110
1110,0.77,0.017327,1042-8194,LEUKEMIA LYMPHOMA,,1111
1111,0.801,0.017291,1027-3719,INT J TUBERC LUNG D,9706389,1112
1112,0.3827,0.017289,0916-8451,BIOSCI BIOTECH BIOCH,9205717,1113
1113,1.052,0.017287,1387-3547,BIOL INVASIONS,,1114
1114,0.8617,0.017258,0275-004X,RETINA-J RET VIT DIS,8309919,1115
1115,0.5634,0.017257,0925-3467,OPT MATER,,1116
1116,0.641,0.017245,1439-6319,EUR J APPL PHYSIOL,100954790,1117
1117,1.8341,0.017222,0030-364X,OPER RES,19410300R,1118
1118,0.4737,0.017219,0278-2391,J ORAL MAXIL SURG,8206428,1119
1119,1.7477,0.017212,0070-217X,CURR TOP MICROBIOL,0110513,1120
1120,1.8536,0.017202,0016-7606,GEOL SOC AM BULL,100971357,1121
1121,0.6169,0.017175,0032-5910,POWDER TECHNOL,,1122
1122,1.8797,0.017134,1072-0502,LEARN MEMORY,9435678,1123
1123,0.7847,0.017111,0300-9572,RESUSCITATION,0332173,1124
1124,1.0873,0.017109,0340-7004,CANCER IMMUNOL IMMUN,8605732,1125
1125,0.8513,0.017081,0003-9985,ARCH PATHOL LAB MED,7607091,1126
1126,0.7859,0.017065,0278-5846,PROG NEURO-PSYCHOPH,8211617,1127
1127,0.7885,0.017064,0145-2126,LEUKEMIA RES,7706787,1128
1128,0.6875,0.017061,0956-053X,WASTE MANAGE,9884362,1129
1129,1.146,0.017045,0020-7519,INT J PARASITOL,0314024,1130
1130,0.9702,0.017029,0706-652X,CAN J FISH AQUAT SCI,,1131
1131,0.7666,0.017012,1549-9596,J CHEM INF MODEL,101230060,1132
1132,1.0873,0.017009,0301-472X,EXP HEMATOL,0402313,1133
1133,0.4974,0.017004,0362-028X,J FOOD PROTECT,7703944,1134
1134,0.6632,0.017004,0950-0618,CONSTR BUILD MATER,,1135
1135,1.4624,0.016978,1526-5900,J PAIN,100898657,1136
1136,2.1569,0.01697,0022-3530,J PETROL,,1137
1137,9.8371,0.016959,0022-0515,J ECON LIT,0206650,1138
1138,0.7023,0.016925,1359-5113,PROCESS BIOCHEM,,1139
1139,0.8723,0.01691,1007-5704,COMMUN NONLINEAR SCI,,1140
1140,0.4318,0.016899,0022-3697,J PHYS CHEM SOLIDS,,1141
1141,1.5027,0.016894,0023-6837,LAB INVEST,0376617,1142
1142,0.8423,0.016885,0306-4603,ADDICT BEHAV,7603486,1143
1143,2.5642,0.016883,0963-7214,CURR DIR PSYCHOL SCI,,1144
1144,0.377,0.016876,0167-6369,ENVIRON MONIT ASSESS,8508350,1145
1145,1.3488,0.01687,0953-8178,INT IMMUNOL,8916182,1146
1146,7.4743,0.016861,0066-426X,ANNU REV PHYS CHEM,15040080R,1147
1147,0.529,0.016851,0925-9635,DIAM RELAT MATER,,1148
1148,0.8024,0.016851,0016-6480,GEN COMP ENDOCR,0370735,1149
1149,0.7971,0.016841,1090-7807,J MAGN RESON,9707935,1150
1150,1.6816,0.016839,0278-7393,J EXP PSYCHOL LEARN,8207540,1151
1151,1.0699,0.016817,1051-8215,IEEE T CIRC SYST VID,,1152
1152,1.277,0.016816,0031-9201,PHYS EARTH PLANET IN,,1153
1153,0.874,0.016815,0306-2619,APPL ENERG,,1154
1154,0.8859,0.016801,0002-9173,AM J CLIN PATHOL,0370470,1155
1155,0.5643,0.016796,0300-8177,MOL CELL BIOCHEM,0364456,1156
1156,1.2039,0.016781,0309-0167,HISTOPATHOLOGY,7704136,1157
1157,0.7714,0.016766,0167-7012,J MICROBIOL METH,8306883,1158
1158,5.3434,0.016758,0894-0347,J AM MATH SOC,,1159
1159,0.7804,0.016746,0749-8063,ARTHROSCOPY,8506498,1160
1160,0.6414,0.016726,0360-1323,BUILD ENVIRON,,1161
1161,2.7799,0.016723,1741-7007,BMC BIOL,101190720,1162
1162,0.5943,0.01672,0166-0934,J VIROL METHODS,8005839,1163
1163,2.2621,0.016719,0022-3816,J POLIT,9876206,1164
1164,1.8156,0.016716,0165-9936,TRAC-TREND ANAL CHEM,,1165
1165,1.1947,0.016696,1540-7489,P COMBUST INST,,1166
1166,0.6958,0.016666,0022-3492,J PERIODONTOL,8000345,1167
1167,0.1809,0.016658,0256-307X,CHINESE PHYS LETT,,1168
1168,3.91,0.016637,0012-8252,EARTH-SCI REV,,1169
1169,1.1481,0.016634,0162-3257,J AUTISM DEV DISORD,7904301,1170
1170,1.0965,0.01657,1045-9227,IEEE T NEURAL NETWOR,101211035,1171
1171,0.965,0.016566,0895-7061,AM J HYPERTENS,8803676,1172
1172,0.9406,0.016561,0109-5641,DENT MATER,8508040,1173
1173,1.32,0.016559,0022-3956,J PSYCHIATR RES,0376331,1174
1174,0.8479,0.016515,0960-7692,ULTRASOUND OBST GYN,9108340,1175
1175,0.9724,0.016497,1470-1626,REPRODUCTION,100966036,1176
1176,0.3791,0.016485,0031-8949,PHYS SCRIPTA,,1177
1177,0.6649,0.016451,1090-0535,MOL VIS,9605351,1178
1178,0.5839,0.016428,0309-1740,MEAT SCI,101160862,1179
1179,0.7057,0.016424,0168-8227,DIABETES RES CLIN PR,8508335,1180
1180,0.643,0.016415,0277-3740,CORNEA,8216186,1181
1181,0.4714,0.016409,0143-1161,INT J REMOTE SENS,9878707,1182
1182,1.8582,0.016393,1742-4690,RETROVIROLOGY,101216893,1183
1183,2.8449,0.016383,1542-4766,J EUR ECON ASSOC,,1184
1184,0.5346,0.016373,0272-8842,CERAM INT,,1185
1185,1.0742,0.016371,1050-7256,THYROID,9104317,1186
1186,2.0597,0.016357,1528-3542,EMOTION,101125678,1187
1187,0.9807,0.016332,0270-4137,PROSTATE,8101368,1188
1188,0.6108,0.016322,0379-0738,FORENSIC SCI INT,7902034,1189
1189,2.3522,0.016307,0003-9527,ARCH RATION MECH AN,,1190
1190,1.1482,0.016278,0951-7715,NONLINEARITY,,1191
1191,1.3061,0.016264,1083-4419,IEEE T SYST MAN CY B,9890044,1192
1192,1.3668,0.016244,0301-9268,PRECAMBRIAN RES,100971296,1193
1193,0.5248,0.016236,0011-183X,CROP SCI,100955697,1194
1194,4.1721,0.016222,0003-066X,AM PSYCHOL,0370521,1195
1195,0.2629,0.016208,0273-1223,WATER SCI TECHNOL,9879497,1196
1196,1.7926,0.016208,1098-3600,GENET MED,9815831,1197
1197,1.5222,0.016192,1536-1233,IEEE T MOBILE COMPUT,,1198
1198,0.3086,0.016169,1001-6538,CHINESE SCI BULL,,1199
1199,1.5194,0.016162,0096-1523,J EXP PSYCHOL HUMAN,7502589,1200
1200,0.6405,0.016151,1552-4973,J BIOMED MATER RES B,101234238,1201
1201,0.7217,0.016147,0883-5403,J ARTHROPLASTY,8703515,1202
1202,0.5668,0.016143,0885-8977,IEEE T POWER DELIVER,,1203
1203,1.3921,0.016111,0959-6658,GLYCOBIOLOGY,9104124,1204
1204,0.8409,0.0161,1368-9800,PUBLIC HEALTH NUTR,9808463,1205
1205,3.9159,0.016087,0003-0554,AM POLIT SCI REV,100966531,1206
1206,1.8781,0.016086,1366-9516,DIVERS DISTRIB,,1207
1207,0.504,0.016084,0093-691X,THERIOGENOLOGY,0421510,1208
1208,0.631,0.016074,0165-1684,SIGNAL PROCESS,,1209
1209,8.3343,0.01605,0031-6997,PHARMACOL REV,0421737,1210
1210,2.3394,0.016046,0304-3878,J DEV ECON,9878815,1211
1211,1.5727,0.016037,0022-3069,J NEUROPATH EXP NEUR,2985192R,1212
1212,0.6028,0.016018,0016-8033,GEOPHYSICS,,1213
1213,1.976,0.016018,1363-755X,DEVELOPMENTAL SCI,9814574,1214
1214,0.8208,0.016002,0954-3007,EUR J CLIN NUTR,8804070,1215
1215,0.5993,0.01598,0885-3010,IEEE T ULTRASON FERR,9882735,1216
1216,0.7171,0.015966,0344-5704,CANCER CHEMOTH PHARM,7806519,1217
1217,2.9756,0.015935,0265-0568,NAT PROD REP,8502408,1218
1218,0.8952,0.015925,0950-2688,EPIDEMIOL INFECT,8703737,1219
1219,1.0559,0.01588,1558-8424,J APPL METEOROL CLIM,,1220
1220,0.4879,0.015875,0925-2312,NEUROCOMPUTING,9884927,1221
1221,2.6986,0.015837,0734-9750,BIOTECHNOL ADV,8403708,1222
1222,0.6601,0.015836,0020-1383,INJURY,0226040,1223
1223,0.8928,0.015801,0883-2927,APPL GEOCHEM,101137083,1224
1224,3.9486,0.015787,1044-5323,SEMIN IMMUNOL,9009458,1225
1225,1.47,0.015744,0304-4149,STOCH PROC APPL,,1226
1226,0.8651,0.015724,0960-0760,J STEROID BIOCHEM,9015483,1227
1227,0.9203,0.015697,1054-1500,CHAOS,100971574,1228
1228,1.7995,0.015677,0075-4102,J REINE ANGEW MATH,,1229
1229,0.7712,0.015671,0148-639X,MUSCLE NERVE,7803146,1230
1230,2.3423,0.015637,1467-7881,OBES REV,100897395,1231
1231,0.4334,0.015636,0932-0113,PARASITOL RES,8703571,1232
1232,1.6383,0.015624,0899-8256,GAME ECON BEHAV,,1233
1233,1.1631,0.015614,0167-2681,J ECON BEHAV ORGAN,101086031,1234
1234,1.7922,0.015613,0278-6133,HEALTH PSYCHOL,8211523,1235
1235,0.7228,0.015602,0091-3057,PHARMACOL BIOCHEM BE,0367050,1236
1236,1.4209,0.015583,0889-1591,BRAIN BEHAV IMMUN,8800478,1237
1237,0.7918,0.015553,0162-0134,J INORG BIOCHEM,7905788,1238
1238,1.26,0.015551,1471-2229,BMC PLANT BIOL,100967807,1239
1239,0.8589,0.015532,1069-6563,ACAD EMERG MED,9418450,1240
1240,0.8018,0.015514,0090-6964,ANN BIOMED ENG,0361512,1241
1241,0.9531,0.015505,0306-5251,BRIT J CLIN PHARMACO,7503323,1242
1242,1.1153,0.015505,0266-5611,INVERSE PROBL,,1243
1243,0.6266,0.015503,0931-041X,PEDIATR NEPHROL,8708728,1244
1244,1.0341,0.015495,0027-5107,MUTAT RES-FUND MOL M,0400763,1245
1245,2.8898,0.015476,1047-7039,ORGAN SCI,,1246
1246,1.3493,0.015417,1047-2797,ANN EPIDEMIOL,9100013,1247
1247,0.7597,0.015409,0022-4790,J SURG ONCOL,0222643,1248
1248,1.9063,0.015383,0079-6611,PROG OCEANOGR,,1249
1249,0.6067,0.015376,0928-4931,MAT SCI ENG C-MATER,101484109,1250
